time,'Heater 1: T (C)', 'Heater 2: T (C)', 'Sample Temperature 1: T (C)', 'Sample Temperature 2: T (C)', 'Sample Temperature 3: T (C)', 'Sample Temperature 4: T (C)'
30:42.0,26.91,27.07,27.07,26.93,26.76,26.86
30:42.5,26.92,27.07,27.07,26.93,26.76,26.86
30:42.9,26.92,27.07,27.07,26.93,26.76,26.86
30:43.4,26.91,27.07,27.07,26.94,26.76,26.86
30:43.8,26.91,27.07,27.07,26.94,26.76,26.86
30:44.2,26.91,27.07,27.07,26.93,26.76,26.86
30:44.7,26.91,27.07,27.07,26.93,26.76,26.86
30:45.2,26.91,27.07,27.07,26.94,26.76,26.86
30:45.7,26.91,27.07,27.07,26.94,26.76,26.86
30:46.2,26.91,27.07,27.07,26.94,26.76,26.86
30:46.7,26.91,27.07,27.07,26.94,26.76,26.86
30:47.2,26.91,27.07,27.07,26.95,26.76,26.86
30:47.7,26.91,27.07,27.07,26.95,26.76,26.86
30:48.2,26.92,27.07,27.07,26.95,26.76,26.86
30:48.7,26.92,27.07,27.07,26.95,26.76,26.86
30:49.2,26.92,27.07,27.07,26.95,26.76,26.86
30:49.7,26.92,27.07,27.07,26.94,26.76,26.86
30:50.2,26.92,27.07,27.07,26.94,26.76,26.86
30:50.6,26.92,27.07,27.07,26.94,26.76,26.86
30:51.1,26.91,27.07,27.07,26.94,26.76,26.86
30:51.5,26.91,27.07,27.07,26.94,26.76,26.86
30:52.0,26.91,27.07,27.07,26.94,26.76,26.86
30:52.5,26.91,27.07,27.07,26.93,26.76,26.86
30:53.1,26.91,27.07,27.07,26.93,26.76,26.86
30:53.6,26.91,27.07,27.07,26.93,26.76,26.86
30:54.1,26.91,27.07,27.07,26.93,26.76,26.86
30:54.6,26.92,27.07,27.07,26.94,26.76,26.86
30:55.1,26.92,27.07,27.07,26.94,26.77,26.86
30:55.5,26.92,27.07,27.07,26.93,26.77,26.86
30:56.0,26.92,27.07,27.07,26.93,26.77,26.86
30:56.5,26.92,27.07,27.07,26.93,26.77,26.86
30:56.9,26.92,27.07,27.07,26.94,26.77,26.86
30:57.4,26.92,27.07,27.07,26.94,26.77,26.86
30:57.9,26.92,27.07,27.07,26.95,26.77,26.86
30:58.7,26.92,27.07,27.07,26.94,26.77,26.86
30:59.2,26.92,27.07,27.07,26.94,26.77,26.86
30:59.6,26.92,27.07,27.07,26.95,26.77,26.86
31:00.1,26.92,27.07,27.07,26.95,26.77,26.86
31:00.5,26.91,27.07,27.07,26.94,26.76,26.86
31:01.2,26.91,27.07,27.07,26.94,26.76,26.86
31:01.7,26.91,27.07,27.07,26.94,26.77,26.86
31:02.2,26.91,27.07,27.07,26.94,26.76,26.86
31:02.7,26.91,27.07,27.07,26.94,26.76,26.86
31:03.1,26.92,27.07,27.07,26.95,26.77,26.86
31:03.6,26.92,27.07,27.07,26.95,26.77,26.86
31:04.1,26.92,27.07,27.07,26.96,26.76,26.86
31:04.6,26.92,27.07,27.07,26.96,26.76,26.86
31:05.1,26.92,27.07,27.07,26.96,26.77,26.86
31:05.6,26.92,27.07,27.07,26.96,26.77,26.86
31:06.8,26.92,27.07,27.07,26.96,26.77,26.86
31:07.3,26.92,27.07,27.07,26.96,26.77,26.86
31:07.8,26.92,27.07,27.07,26.96,26.77,26.87
31:08.2,26.92,27.07,27.07,26.96,26.76,26.87
31:08.7,26.92,27.07,27.07,26.95,26.76,26.87
31:09.4,26.92,27.07,27.07,26.95,26.76,26.86
31:09.9,26.92,27.07,27.07,26.95,26.76,26.86
31:10.4,26.91,27.07,27.07,26.95,26.76,26.86
31:10.9,26.91,27.07,27.07,26.95,26.76,26.86
31:11.4,26.92,27.07,27.07,26.95,26.76,26.86
31:11.9,26.92,27.07,27.07,26.95,26.76,26.86
31:12.3,26.92,27.07,27.07,26.95,26.76,26.86
31:12.8,26.92,27.07,27.07,26.95,26.76,26.86
31:13.3,26.92,27.07,27.07,26.95,26.76,26.86
31:13.8,26.92,27.07,27.07,26.95,26.76,26.86
31:14.2,26.92,27.07,27.07,26.95,26.76,26.86
31:14.7,26.92,27.07,27.07,26.95,26.76,26.86
31:15.2,26.92,27.07,27.07,26.95,26.76,26.86
31:15.6,26.92,27.07,27.07,26.95,26.76,26.87
31:16.1,26.92,27.07,27.07,26.96,26.76,26.87
31:16.5,26.92,27.07,27.07,26.96,26.76,26.87
31:17.0,26.92,27.07,27.07,26.96,26.76,26.87
31:17.5,26.92,27.07,27.07,26.96,26.76,26.87
31:18.0,26.92,27.07,27.07,26.96,26.76,26.87
31:18.5,26.92,27.07,27.07,26.96,26.76,26.87
31:19.0,26.92,27.07,27.07,26.96,26.77,26.87
31:19.4,26.92,27.07,27.07,26.96,26.77,26.87
31:19.9,26.92,27.07,27.07,26.96,26.77,26.87
31:20.4,26.92,27.07,27.07,26.96,26.77,26.86
31:20.8,26.92,27.07,27.07,26.96,26.77,26.86
31:21.3,26.92,27.07,27.07,26.96,26.76,26.86
31:21.8,26.92,27.07,27.07,26.96,26.76,26.86
31:22.3,26.92,27.07,27.07,26.96,26.76,26.86
31:22.8,26.92,27.07,27.07,26.95,26.76,26.86
31:23.3,26.92,27.07,27.07,26.95,26.76,26.86
31:23.8,26.92,27.07,27.07,26.95,26.76,26.86
31:24.3,26.92,27.07,27.07,26.95,26.76,26.86
31:24.8,26.92,27.07,27.07,26.95,26.76,26.87
31:25.2,26.92,27.07,27.07,26.96,26.76,26.86
31:25.7,26.92,27.07,27.07,26.96,26.76,26.86
31:26.1,26.92,27.07,27.07,26.96,26.76,26.86
31:26.5,26.92,27.07,27.07,26.96,26.76,26.86
31:26.9,26.92,27.07,27.07,26.96,26.76,26.86
31:27.4,26.92,27.07,27.07,26.96,26.76,26.86
31:27.8,26.92,27.07,27.07,26.95,26.76,26.86
31:28.2,26.92,27.07,27.07,26.95,26.76,26.86
31:28.7,26.92,27.07,27.07,26.95,26.76,26.86
31:29.1,26.92,27.07,27.07,26.94,26.76,26.87
31:29.5,26.92,27.07,27.07,26.94,26.76,26.87
31:30.0,26.92,27.07,27.07,26.94,26.76,26.87
31:30.4,26.92,27.07,27.07,26.94,26.76,26.87
31:30.8,26.92,27.07,27.07,26.94,26.76,26.87
31:31.3,26.92,27.07,27.07,26.95,26.77,26.87
31:31.8,26.92,27.07,27.07,26.95,26.77,26.87
31:32.3,26.92,27.07,27.07,26.95,26.77,26.87
31:32.9,26.92,27.07,27.07,26.95,26.76,26.87
31:33.3,26.92,27.07,27.07,26.95,26.76,26.87
31:33.8,26.92,27.07,27.07,26.95,26.77,26.87
31:34.3,26.92,27.07,27.07,26.96,26.77,26.87
31:34.8,26.92,27.07,27.07,26.96,26.77,26.87
31:35.3,26.92,27.07,27.07,26.95,26.77,26.87
31:35.8,26.92,27.07,27.07,26.96,26.77,26.87
31:36.3,26.92,27.07,27.07,26.96,26.77,26.87
31:36.8,26.92,27.07,27.07,26.96,26.77,26.86
31:37.2,26.92,27.07,27.07,26.96,26.77,26.86
31:37.7,26.92,27.07,27.07,26.96,26.77,26.86
31:38.2,26.92,27.07,27.07,26.96,26.77,26.86
31:38.7,26.92,27.07,27.07,26.96,26.77,26.86
31:39.2,26.92,27.07,27.07,26.96,26.77,26.86
31:39.7,26.92,27.07,27.07,26.96,26.76,26.86
31:40.2,26.92,27.07,27.07,26.96,26.76,26.86
31:40.7,26.92,27.09,27.07,26.96,26.76,26.86
31:41.2,26.92,27.13,27.07,26.96,26.76,26.86
31:41.6,26.92,27.18,27.07,26.96,26.77,26.86
31:42.1,26.92,27.25,27.07,26.96,26.77,26.86
31:42.5,26.92,27.32,27.07,26.96,26.77,26.86
31:43.0,26.92,27.36,27.07,26.96,26.77,26.87
31:43.5,26.92,27.45,27.07,26.96,26.77,26.86
31:44.0,26.92,27.55,27.07,26.96,26.77,26.86
31:44.5,26.93,27.62,27.07,26.96,26.77,26.86
31:45.0,26.93,27.73,27.07,26.96,26.77,26.86
31:45.5,26.94,27.88,27.07,26.96,26.76,26.86
31:45.9,26.96,28,27.07,26.96,26.76,26.86
31:46.4,26.97,28.13,27.07,26.96,26.76,26.86
31:46.9,26.99,28.29,27.07,26.96,26.76,26.86
31:47.3,27.01,28.44,27.07,26.95,26.76,26.85
31:47.8,27.02,28.57,27.07,26.95,26.76,26.85
31:48.3,27.04,28.69,27.07,26.95,26.76,26.85
31:48.8,27.06,28.85,27.07,26.95,26.77,26.86
31:49.2,27.07,29.02,27.07,26.95,26.77,26.86
31:49.7,27.08,29.21,27.07,26.95,26.77,26.86
31:50.1,27.08,29.41,27.07,26.95,26.77,26.86
31:50.6,27.09,29.62,27.07,26.96,26.77,26.86
31:51.0,27.09,29.79,27.07,26.96,26.77,26.86
31:51.5,27.09,29.93,27.07,26.96,26.77,26.86
31:52.0,27.09,30.11,27.07,26.96,26.77,26.86
31:52.5,27.1,30.28,27.07,26.96,26.77,26.86
31:53.0,27.12,30.49,27.07,26.96,26.77,26.86
31:53.5,27.14,30.71,27.07,26.96,26.77,26.86
31:53.9,27.16,30.96,27.07,26.96,26.77,26.86
31:54.4,27.18,31.17,27.07,26.96,26.77,26.86
31:54.9,27.21,31.4,27.07,26.96,26.77,26.86
31:55.4,27.24,31.62,27.07,26.96,26.77,26.86
31:55.9,27.27,31.84,27.07,26.96,26.77,26.86
31:56.3,27.3,32.08,27.07,26.96,26.76,26.86
31:56.8,27.33,32.32,27.07,26.96,26.76,26.87
31:57.3,27.35,32.51,27.07,26.96,26.76,26.87
31:57.8,27.36,32.73,27.07,26.96,26.76,26.87
31:58.3,27.38,32.97,27.07,26.96,26.76,26.87
31:58.8,27.4,33.18,27.07,26.96,26.76,26.87
31:59.2,27.41,33.41,27.07,26.96,26.76,26.86
31:59.7,27.42,33.67,27.07,26.96,26.76,26.86
32:00.2,27.43,33.91,27.07,26.97,26.76,26.86
32:00.7,27.43,34.14,27.07,26.97,26.76,26.86
32:01.2,27.44,34.37,27.07,26.97,26.76,26.86
32:01.7,27.47,34.62,27.07,26.97,26.76,26.87
32:02.2,27.5,34.86,27.07,26.97,26.76,26.86
32:02.7,27.53,35.1,27.07,26.97,26.76,26.86
32:03.2,27.56,35.35,27.07,26.97,26.76,26.86
32:03.7,27.6,35.58,27.08,26.97,26.76,26.87
32:04.2,27.64,35.82,27.1,26.97,26.76,26.87
32:04.7,27.68,36.07,27.12,26.97,26.76,26.87
32:05.1,27.72,36.28,27.15,26.97,26.76,26.87
32:05.6,27.76,36.51,27.18,26.97,26.76,26.86
32:06.1,27.8,36.77,27.21,26.97,26.76,26.86
32:06.5,27.82,37,27.22,26.97,26.76,26.86
32:07.0,27.83,37.2,27.24,26.97,26.76,26.86
32:07.5,27.85,37.44,27.25,26.98,26.76,26.86
32:08.0,27.87,37.68,27.26,26.97,26.76,26.86
32:08.5,27.9,37.92,27.27,26.98,26.76,26.86
32:09.0,27.93,38.14,27.28,26.98,26.76,26.86
32:09.5,27.97,38.4,27.31,26.98,26.76,26.86
32:10.0,28.01,38.64,27.34,26.98,26.76,26.87
32:10.5,28.04,38.86,27.37,26.98,26.77,26.87
32:11.0,28.06,39.08,27.4,26.98,26.76,26.87
32:11.5,28.1,39.33,27.42,26.98,26.76,26.87
32:12.0,28.13,39.56,27.43,26.97,26.77,26.87
32:12.5,28.15,39.77,27.44,26.98,26.77,26.87
32:13.0,28.17,40.01,27.44,26.97,26.77,26.87
32:13.5,28.2,40.24,27.45,26.97,26.76,26.87
32:14.0,28.22,40.47,27.47,26.97,26.76,26.87
32:14.5,28.23,40.69,27.48,26.97,26.76,26.87
32:15.0,28.26,40.93,27.51,26.97,26.76,26.87
32:15.5,28.3,41.15,27.54,26.97,26.76,26.87
32:16.0,28.34,41.36,27.58,26.97,26.76,26.87
32:16.5,28.37,41.58,27.62,26.97,26.76,26.87
32:17.0,28.41,41.81,27.66,26.97,26.76,26.88
32:17.5,28.43,42.03,27.7,26.97,26.76,26.88
32:18.0,28.45,42.24,27.74,26.96,26.76,26.88
32:18.5,28.47,42.46,27.76,26.96,26.76,26.88
32:19.0,28.5,42.66,27.78,26.96,26.76,26.88
32:19.5,28.54,42.88,27.79,26.96,26.76,26.88
32:20.0,28.59,43.08,27.8,26.96,26.76,26.88
32:20.5,28.63,43.28,27.8,26.96,26.76,26.88
32:21.0,28.68,43.5,27.82,26.96,26.76,26.88
32:21.5,28.72,43.72,27.84,26.96,26.76,26.88
32:22.0,28.76,43.93,27.88,26.96,26.76,26.88
32:22.5,28.8,44.15,27.91,26.96,26.76,26.88
32:23.0,28.82,44.37,27.96,26.96,26.76,26.88
32:23.5,28.85,44.56,28.02,26.96,26.76,26.88
32:24.0,28.86,44.76,28.06,26.97,26.76,26.88
32:24.5,28.88,44.97,28.11,26.97,26.76,26.88
32:24.9,28.9,45.16,28.16,26.97,26.76,26.88
32:25.3,28.91,45.37,28.2,26.97,26.76,26.88
32:25.7,28.95,45.58,28.23,26.98,26.76,26.88
32:26.1,29,45.77,28.25,26.98,26.77,26.88
32:26.5,29.04,45.95,28.29,26.98,26.77,26.88
32:26.8,29.08,46.14,28.32,26.98,26.77,26.88
32:27.2,29.13,46.3,28.36,26.98,26.77,26.88
32:27.6,29.16,46.44,28.39,26.98,26.77,26.88
32:27.9,29.18,46.57,28.44,26.98,26.77,26.88
32:28.4,29.2,46.72,28.47,26.98,26.77,26.88
32:28.9,29.21,46.86,28.49,26.98,26.77,26.88
32:29.4,29.22,46.97,28.52,26.97,26.77,26.88
32:29.9,29.24,47.12,28.56,26.97,26.77,26.88
32:30.4,29.28,47.3,28.58,26.97,26.77,26.88
32:30.9,29.31,47.45,28.61,26.97,26.77,26.88
32:31.4,29.35,47.62,28.64,26.97,26.77,26.88
32:31.9,29.39,47.84,28.67,26.97,26.77,26.88
32:32.4,29.42,48.03,28.7,26.98,26.77,26.88
32:32.9,29.44,48.2,28.75,26.98,26.77,26.88
32:33.5,29.46,48.38,28.8,26.98,26.77,26.88
32:34.0,29.46,48.56,28.84,26.98,26.76,26.88
32:34.5,29.47,48.75,28.88,26.98,26.77,26.88
32:35.0,29.5,48.93,28.92,26.98,26.77,26.88
32:35.5,29.54,49.1,28.96,26.98,26.77,26.88
32:36.0,29.59,49.29,29.01,26.98,26.77,26.88
32:36.5,29.64,49.46,29.07,26.97,26.77,26.88
32:37.0,29.7,49.63,29.15,26.97,26.76,26.89
32:37.6,29.74,49.84,29.22,26.98,26.76,26.89
32:38.1,29.78,50.01,29.27,26.98,26.77,26.9
32:38.6,29.8,50.17,29.31,26.99,26.77,26.91
32:39.0,29.83,50.35,29.36,26.99,26.77,26.92
32:39.5,29.85,50.49,29.39,26.98,26.77,26.93
32:40.0,29.89,50.61,29.42,26.98,26.77,26.95
32:40.5,29.93,50.77,29.47,26.98,26.77,26.96
32:41.0,29.98,50.91,29.53,26.99,26.77,26.97
32:41.6,30.02,51.02,29.6,26.99,26.77,26.99
32:42.1,30.07,51.12,29.65,26.99,26.77,27
32:42.7,30.1,51.2,29.71,26.99,26.77,27.01
32:43.2,30.13,51.28,29.75,26.99,26.77,27.02
32:43.7,30.15,51.35,29.8,26.99,26.77,27.03
32:44.2,30.16,51.41,29.86,26.99,26.77,27.03
32:44.7,30.16,51.5,29.91,26.99,26.77,27.04
32:45.2,30.18,51.57,29.96,26.99,26.77,27.05
32:45.7,30.2,51.63,30,26.99,26.77,27.05
32:46.2,30.24,51.68,30.05,26.99,26.77,27.05
32:46.7,30.27,51.72,30.09,26.99,26.78,27.06
32:47.2,30.31,51.72,30.15,26.99,26.78,27.06
32:47.7,30.35,51.73,30.22,26.99,26.78,27.07
32:48.2,30.39,51.73,30.29,26.99,26.78,27.08
32:48.7,30.43,51.73,30.35,26.99,26.78,27.09
32:49.2,30.47,51.73,30.4,26.99,26.79,27.11
32:49.7,30.51,51.71,30.47,26.99,26.78,27.13
32:50.2,30.53,51.68,30.53,26.99,26.78,27.15
32:50.7,30.56,51.64,30.6,26.99,26.78,27.17
32:51.3,30.58,51.59,30.66,26.99,26.79,27.18
32:51.8,30.59,51.54,30.71,26.99,26.79,27.19
32:52.3,30.6,51.49,30.74,26.99,26.79,27.2
32:52.8,30.61,51.43,30.79,26.99,26.78,27.21
32:53.3,30.63,51.38,30.83,26.99,26.78,27.22
32:53.8,30.65,51.32,30.89,26.99,26.78,27.22
32:54.3,30.68,51.28,30.97,26.99,26.78,27.22
32:54.8,30.7,51.24,31.06,26.99,26.78,27.22
32:55.3,30.73,51.22,31.12,26.99,26.78,27.22
32:55.8,30.75,51.19,31.19,26.99,26.78,27.22
32:56.4,30.77,51.16,31.25,26.99,26.78,27.22
32:56.9,30.79,51.11,31.31,26.99,26.78,27.23
32:57.3,30.81,51.04,31.36,27,26.78,27.23
32:57.8,30.82,50.95,31.42,27,26.78,27.24
32:58.3,30.84,50.89,31.47,27,26.78,27.25
32:58.8,30.85,50.81,31.51,27,26.78,27.26
32:59.3,30.85,50.75,31.56,27.01,26.78,27.27
32:59.9,30.85,50.7,31.6,27.01,26.78,27.28
33:00.4,30.85,50.64,31.67,27.01,26.78,27.29
33:00.8,30.85,50.56,31.75,27.01,26.78,27.3
33:01.3,30.85,50.5,31.81,27.01,26.78,27.32
33:01.8,30.86,50.43,31.85,27.01,26.78,27.33
33:02.4,30.86,50.37,31.9,27.01,26.78,27.35
33:02.9,30.87,50.33,31.95,27.01,26.78,27.37
33:03.4,30.88,50.28,32.01,27.01,26.78,27.4
33:03.9,30.9,50.22,32.09,27.01,26.78,27.43
33:04.4,30.92,50.15,32.18,27.01,26.78,27.45
33:04.9,30.95,50.07,32.25,27.01,26.78,27.47
33:05.5,30.97,49.98,32.3,27.01,26.78,27.48
33:06.0,30.99,49.89,32.34,27.01,26.78,27.49
33:06.5,31.01,49.82,32.38,27.02,26.78,27.5
33:07.0,31.02,49.75,32.41,27.01,26.78,27.51
33:07.5,31.02,49.66,32.47,27.02,26.78,27.53
33:08.0,31.03,49.59,32.53,27.02,26.78,27.54
33:08.6,31.03,49.5,32.6,27.03,26.78,27.56
33:09.0,31.04,49.42,32.66,27.03,26.78,27.56
33:09.5,31.04,49.34,32.72,27.04,26.78,27.57
33:10.1,31.05,49.3,32.76,27.04,26.78,27.57
33:10.6,31.06,49.25,32.82,27.04,26.78,27.57
33:11.1,31.07,49.2,32.87,27.04,26.78,27.57
33:11.6,31.08,49.14,32.93,27.04,26.78,27.57
33:12.1,31.1,49.07,32.99,27.04,26.78,27.57
33:12.6,31.11,48.98,33.04,27.04,26.78,27.57
33:13.1,31.13,48.89,33.08,27.04,26.78,27.57
33:13.7,31.14,48.81,33.12,27.05,26.78,27.58
33:14.2,31.16,48.74,33.16,27.05,26.78,27.6
33:14.7,31.16,48.68,33.19,27.05,26.78,27.62
33:15.2,31.18,48.61,33.25,27.05,26.79,27.65
33:15.7,31.18,48.55,33.3,27.06,26.79,27.68
33:16.2,31.19,48.49,33.34,27.06,26.78,27.71
33:16.7,31.2,48.42,33.39,27.06,26.78,27.73
33:17.1,31.2,48.35,33.44,27.06,26.79,27.74
33:17.7,31.2,48.3,33.47,27.07,26.79,27.75
33:18.2,31.21,48.25,33.52,27.07,26.79,27.77
33:18.7,31.21,48.19,33.57,27.07,26.79,27.78
33:19.2,31.21,48.14,33.63,27.07,26.79,27.81
33:19.7,31.21,48.08,33.69,27.08,26.79,27.84
33:20.2,31.21,48.01,33.74,27.08,26.78,27.87
33:20.7,31.21,47.94,33.76,27.08,26.78,27.89
33:21.2,31.21,47.88,33.78,27.08,26.79,27.91
33:21.7,31.21,47.82,33.8,27.08,26.79,27.92
33:22.3,31.21,47.76,33.82,27.08,26.78,27.94
33:22.8,31.21,47.71,33.86,27.08,26.78,27.96
33:23.3,31.21,47.65,33.9,27.08,26.78,27.97
33:23.8,31.21,47.58,33.96,27.08,26.78,27.99
33:24.4,31.21,47.5,34.03,27.08,26.78,28
33:24.8,31.21,47.42,34.08,27.08,26.79,28
33:25.3,31.21,47.34,34.14,27.08,26.8,28
33:25.8,31.22,47.27,34.19,27.08,26.8,28.01
33:26.4,31.22,47.22,34.23,27.08,26.8,28.02
33:26.9,31.22,47.18,34.26,27.08,26.8,28.04
33:27.4,31.22,47.15,34.3,27.08,26.8,28.07
33:27.9,31.22,47.12,34.33,27.08,26.81,28.1
33:28.4,31.22,47.09,34.37,27.08,26.82,28.13
33:28.9,31.22,47.04,34.42,27.08,26.81,28.15
33:29.4,31.23,46.97,34.47,27.08,26.81,28.17
33:29.9,31.23,46.9,34.51,27.08,26.81,28.18
33:30.5,31.24,46.83,34.54,27.08,26.8,28.19
33:31.0,31.24,46.77,34.58,27.08,26.81,28.21
33:31.5,31.25,46.73,34.61,27.08,26.81,28.22
33:32.0,31.25,46.69,34.63,27.08,26.8,28.24
33:32.5,31.25,46.65,34.66,27.08,26.8,28.26
33:33.0,31.25,46.6,34.69,27.08,26.8,28.28
33:33.5,31.25,46.55,34.71,27.08,26.8,28.3
33:34.0,31.26,46.5,34.74,27.08,26.81,28.32
33:34.5,31.26,46.43,34.77,27.08,26.81,28.33
33:35.0,31.26,46.39,34.81,27.08,26.81,28.34
33:35.6,31.27,46.36,34.85,27.08,26.81,28.35
33:36.1,31.27,46.33,34.89,27.08,26.81,28.35
33:36.6,31.27,46.3,34.92,27.08,26.82,28.36
33:37.0,31.28,46.26,34.94,27.08,26.82,28.37
33:37.5,31.28,46.22,34.96,27.08,26.82,28.38
33:38.0,31.28,46.17,34.98,27.08,26.83,28.4
33:38.5,31.28,46.12,35,27.08,26.82,28.42
33:38.9,31.28,46.07,35.03,27.08,26.82,28.43
33:39.1,31.28,46.03,35.07,27.08,26.83,28.44
33:39.5,31.28,45.98,35.12,27.08,26.83,28.46
33:39.9,31.29,45.93,35.16,27.09,26.83,28.47
33:40.2,31.29,45.89,35.19,27.09,26.83,28.49
33:40.6,31.29,45.86,35.22,27.09,26.83,28.52
33:41.1,31.29,45.84,35.24,27.09,26.83,28.54
33:41.5,31.29,45.83,35.26,27.09,26.83,28.57
33:42.0,31.3,45.81,35.29,27.09,26.84,28.59
33:42.5,31.3,45.79,35.31,27.1,26.84,28.6
33:42.9,31.3,45.75,35.34,27.1,26.84,28.61
33:43.5,31.3,45.71,35.38,27.1,26.84,28.61
33:43.9,31.3,45.66,35.4,27.1,26.84,28.61
33:44.4,31.3,45.61,35.42,27.11,26.84,28.61
33:44.9,31.3,45.56,35.44,27.11,26.84,28.62
33:45.4,31.3,45.51,35.44,27.11,26.84,28.62
33:45.9,31.3,45.46,35.45,27.12,26.84,28.64
33:46.4,31.3,45.43,35.46,27.12,26.84,28.66
33:46.9,31.3,45.41,35.48,27.14,26.84,28.68
33:47.4,31.31,45.39,35.5,27.16,26.85,28.69
33:47.9,31.31,45.38,35.52,27.18,26.85,28.71
33:48.2,31.31,45.37,35.55,27.2,26.85,28.73
33:48.7,31.31,45.34,35.58,27.21,26.85,28.77
33:49.1,31.31,45.32,35.61,27.21,26.85,28.8
33:49.6,31.32,45.28,35.64,27.22,26.86,28.83
33:50.1,31.32,45.25,35.68,27.22,26.87,28.85
33:50.5,31.33,45.2,35.71,27.22,26.87,28.87
33:51.0,31.32,45.17,35.74,27.22,26.88,28.88
33:51.5,31.33,45.13,35.77,27.22,26.88,28.89
33:52.0,31.33,45.09,35.79,27.23,26.86,28.91
33:52.5,31.34,45.04,35.81,27.23,26.87,28.93
33:53.0,31.35,44.99,35.83,27.24,26.88,28.95
33:53.5,31.34,44.94,35.83,27.24,26.89,28.98
33:54.0,31.35,44.9,35.84,27.25,26.88,29
33:54.5,31.35,44.86,35.85,27.25,26.88,29.02
33:55.0,31.35,44.83,35.86,27.25,26.89,29.04
33:55.5,31.36,44.81,35.88,27.26,26.89,29.05
33:56.0,31.36,44.8,35.91,27.26,26.89,29.05
33:56.5,31.37,44.79,35.95,27.26,26.9,29.05
33:57.0,31.37,44.76,35.98,27.26,26.9,29.05
33:57.6,31.38,44.72,36.01,27.27,26.89,29.05
33:58.1,31.38,44.68,36.03,27.28,26.89,29.06
33:58.6,31.38,44.64,36.04,27.28,26.9,29.06
33:59.1,31.38,44.59,36.06,27.29,26.9,29.07
33:59.6,31.39,44.56,36.08,27.3,26.9,29.09
34:00.1,31.39,44.52,36.1,27.31,26.9,29.11
34:00.5,31.39,44.49,36.12,27.31,26.91,29.12
34:01.0,31.4,44.44,36.13,27.31,26.91,29.15
34:01.5,31.4,44.4,36.13,27.32,26.91,29.16
34:02.0,31.4,44.37,36.14,27.33,26.91,29.19
34:02.4,31.41,44.35,36.14,27.35,26.91,29.21
34:02.9,31.41,44.34,36.14,27.36,26.91,29.24
34:03.4,31.42,44.34,36.14,27.37,26.91,29.27
34:03.9,31.41,44.33,36.14,27.38,26.91,29.3
34:04.3,31.42,44.32,36.14,27.39,26.91,29.31
34:04.8,31.42,44.3,36.15,27.39,26.92,29.33
34:05.3,31.42,44.28,36.16,27.4,26.92,29.34
34:05.8,31.42,44.26,36.18,27.4,26.92,29.36
34:06.3,31.42,44.23,36.21,27.4,26.93,29.37
34:06.7,31.42,44.2,36.25,27.41,26.94,29.39
34:07.2,31.43,44.18,36.28,27.41,26.94,29.4
34:07.7,31.43,44.15,36.31,27.41,26.94,29.41
34:08.2,31.44,44.11,36.33,27.41,26.94,29.41
34:08.7,31.44,44.08,36.36,27.41,26.94,29.41
34:09.2,31.44,44.05,36.38,27.42,26.94,29.42
34:09.7,31.44,44.02,36.4,27.42,26.95,29.43
34:10.2,31.44,44,36.43,27.42,26.95,29.44
34:10.7,31.45,44,36.46,27.42,26.94,29.47
34:11.2,31.45,43.99,36.49,27.42,26.95,29.49
34:11.8,31.45,43.98,36.51,27.42,26.94,29.52
34:12.2,31.45,43.95,36.52,27.42,26.94,29.55
34:12.8,31.45,43.93,36.53,27.42,26.95,29.56
34:13.2,31.45,43.9,36.53,27.42,26.95,29.58
34:13.7,31.46,43.87,36.53,27.43,26.95,29.59
34:14.2,31.46,43.83,36.54,27.43,26.95,29.61
34:14.7,31.46,43.79,36.54,27.43,26.96,29.62
34:15.1,31.46,43.75,36.54,27.43,26.97,29.64
34:15.6,31.46,43.71,36.56,27.43,26.97,29.65
34:16.1,31.47,43.69,36.57,27.43,26.98,29.66
34:16.6,31.47,43.67,36.59,27.44,26.99,29.67
34:17.1,31.47,43.64,36.6,27.44,27,29.67
34:17.6,31.47,43.61,36.62,27.45,26.99,29.67
34:18.1,31.47,43.58,36.63,27.45,27,29.67
34:18.5,31.47,43.54,36.64,27.46,27,29.67
34:19.0,31.47,43.5,36.66,27.47,27,29.67
34:19.5,31.47,43.48,36.68,27.48,27,29.67
34:20.0,31.47,43.46,36.71,27.48,27,29.68
34:20.5,31.47,43.45,36.74,27.49,27,29.69
34:21.0,31.47,43.44,36.77,27.49,26.99,29.71
34:21.5,31.47,43.44,36.79,27.5,27,29.73
34:22.0,31.47,43.44,36.81,27.5,27.01,29.76
34:22.5,31.47,43.44,36.82,27.51,27.01,29.79
34:23.0,31.47,43.44,36.83,27.51,27.01,29.81
34:23.5,31.47,43.43,36.83,27.52,27.01,29.83
34:24.0,31.47,43.43,36.84,27.53,27.01,29.85
34:24.5,31.48,43.41,36.85,27.54,27.02,29.86
34:25.0,31.48,43.39,36.86,27.55,27.02,29.87
34:25.5,31.48,43.37,36.88,27.56,27.03,29.89
34:26.0,31.48,43.34,36.9,27.58,27.02,29.91
34:26.5,31.48,43.32,36.91,27.59,27.02,29.94
34:26.9,31.48,43.3,36.92,27.61,27.03,29.97
34:27.5,31.48,43.28,36.93,27.61,27.04,29.99
34:27.9,31.48,43.25,36.93,27.62,27.04,30.01
34:28.4,31.48,43.22,36.93,27.64,27.05,30.02
34:28.9,31.49,43.19,36.93,27.65,27.05,30.02
34:29.4,31.49,43.15,36.93,27.65,27.06,30.03
34:29.8,31.49,43.13,36.93,27.65,27.06,30.03
34:30.3,31.49,43.1,36.93,27.66,27.06,30.03
34:30.8,31.49,43.08,36.93,27.66,27.06,30.03
34:31.4,31.49,43.07,36.93,27.67,27.07,30.04
34:31.9,31.49,43.05,36.93,27.68,27.07,30.06
34:32.4,31.5,43.03,36.93,27.69,27.07,30.07
34:32.8,31.5,43.02,36.93,27.69,27.08,30.09
34:33.3,31.51,43.01,36.93,27.7,27.08,30.1
34:33.7,31.51,43,36.93,27.71,27.08,30.12
34:34.2,31.51,43,36.94,27.71,27.09,30.13
34:34.7,31.52,42.99,36.94,27.71,27.09,30.15
34:35.2,31.52,42.98,36.95,27.72,27.09,30.17
34:35.6,31.52,42.97,36.97,27.73,27.09,30.2
34:36.1,31.52,42.96,36.98,27.74,27.1,30.22
34:36.6,31.52,42.93,36.99,27.75,27.1,30.24
34:37.1,31.53,42.9,37.01,27.75,27.1,30.26
34:37.6,31.53,42.87,37.03,27.75,27.1,30.28
34:38.1,31.53,42.84,37.05,27.76,27.11,30.29
34:38.6,31.53,42.81,37.07,27.76,27.11,30.3
34:39.1,31.53,42.8,37.08,27.76,27.11,30.31
34:39.6,31.54,42.79,37.1,27.77,27.11,30.33
34:40.1,31.54,42.78,37.11,27.77,27.11,30.34
34:40.6,31.55,42.77,37.12,27.77,27.12,30.36
34:41.1,31.55,42.76,37.13,27.77,27.12,30.37
34:41.6,31.55,42.74,37.13,27.77,27.12,30.38
34:42.1,31.55,42.72,37.14,27.77,27.12,30.38
34:42.6,31.55,42.71,37.14,27.77,27.12,30.38
34:43.1,31.56,42.69,37.14,27.77,27.12,30.38
34:43.6,31.56,42.68,37.15,27.77,27.11,30.38
34:44.1,31.56,42.67,37.15,27.77,27.11,30.38
34:44.5,31.56,42.67,37.17,27.77,27.11,30.38
34:45.0,31.57,42.66,37.18,27.77,27.11,30.38
34:45.5,31.56,42.66,37.19,27.77,27.12,30.38
34:46.0,31.57,42.66,37.2,27.77,27.12,30.39
34:46.4,31.57,42.65,37.22,27.77,27.12,30.39
34:46.9,31.57,42.64,37.23,27.77,27.12,30.4
34:47.4,31.57,42.62,37.25,27.77,27.13,30.42
34:47.8,31.57,42.61,37.27,27.77,27.13,30.44
34:48.3,31.57,42.59,37.29,27.77,27.13,30.47
34:48.8,31.57,42.58,37.3,27.77,27.13,30.49
34:49.3,31.58,42.56,37.31,27.78,27.13,30.51
34:49.7,31.58,42.54,37.32,27.78,27.14,30.53
34:50.2,31.58,42.52,37.33,27.78,27.14,30.54
34:50.7,31.58,42.5,37.33,27.79,27.14,30.55
34:51.2,31.58,42.48,37.33,27.79,27.14,30.56
34:51.8,31.58,42.46,37.34,27.8,27.14,30.57
34:52.2,31.59,42.45,37.34,27.82,27.15,30.57
34:52.7,31.59,42.44,37.35,27.83,27.15,30.58
34:53.2,31.59,42.43,37.35,27.84,27.15,30.59
34:53.7,31.6,42.42,37.36,27.85,27.16,30.61
34:54.2,31.6,42.41,37.37,27.86,27.16,30.63
34:54.7,31.61,42.39,37.37,27.87,27.17,30.66
34:55.2,31.61,42.37,37.38,27.87,27.17,30.69
34:55.7,31.62,42.34,37.39,27.88,27.17,30.71
34:56.2,31.62,42.32,37.4,27.89,27.17,30.73
34:56.7,31.62,42.29,37.41,27.9,27.17,30.74
34:57.2,31.63,42.27,37.42,27.91,27.17,30.75
34:57.7,31.63,42.25,37.42,27.92,27.18,30.76
34:58.0,31.63,42.24,37.42,27.93,27.18,30.78
34:58.3,31.63,42.23,37.43,27.94,27.19,30.79
34:58.8,31.64,42.23,37.43,27.94,27.2,30.81
34:59.2,31.64,42.22,37.43,27.95,27.21,30.82
34:59.7,31.64,42.22,37.44,27.96,27.21,30.82
35:00.2,31.64,42.22,37.44,27.96,27.22,30.83
35:00.7,31.64,42.21,37.44,27.96,27.22,30.83
35:01.2,31.64,42.21,37.44,27.97,27.22,30.83
35:01.7,31.64,42.2,37.44,27.98,27.22,30.83
35:02.2,31.64,42.19,37.44,27.99,27.22,30.84
35:02.7,31.65,42.17,37.44,28.01,27.23,30.84
35:03.2,31.65,42.16,37.44,28.02,27.24,30.85
35:03.7,31.65,42.15,37.44,28.03,27.24,30.86
35:04.1,31.65,42.14,37.44,28.04,27.25,30.87
35:04.6,31.65,42.12,37.44,28.05,27.26,30.89
35:05.1,31.65,42.11,37.44,28.07,27.27,30.91
35:05.6,31.65,42.09,37.44,28.07,27.28,30.93
35:06.1,31.65,42.07,37.44,28.09,27.29,30.94
35:06.6,31.65,42.05,37.44,28.1,27.3,30.96
35:07.1,31.65,42.02,37.44,28.1,27.3,30.97
35:07.6,31.65,41.99,37.44,28.11,27.31,30.98
35:08.1,31.65,41.96,37.45,28.12,27.31,31
35:08.5,31.65,41.94,37.45,28.12,27.32,31.01
35:09.0,31.65,41.92,37.45,28.12,27.33,31.01
35:09.5,31.65,41.91,37.46,28.13,27.34,31.02
35:10.0,31.65,41.9,37.46,28.13,27.34,31.03
35:10.5,31.65,41.9,37.47,28.14,27.35,31.03
35:11.0,31.65,41.89,37.48,28.15,27.35,31.04
35:11.5,31.65,41.88,37.49,28.16,27.36,31.06
35:12.0,31.65,41.87,37.49,28.17,27.36,31.07
35:12.5,31.65,41.86,37.51,28.18,27.36,31.08
35:13.0,31.65,41.84,37.52,28.19,27.36,31.1
35:13.4,31.65,41.83,37.52,28.19,27.37,31.1
35:13.9,31.65,41.81,37.52,28.19,27.37,31.1
35:14.4,31.65,41.81,37.53,28.19,27.38,31.1
35:14.9,31.65,41.8,37.53,28.19,27.38,31.1
35:15.4,31.65,41.8,37.54,28.2,27.39,31.1
35:15.8,31.65,41.8,37.55,28.2,27.38,31.1
35:16.3,31.65,41.79,37.55,28.2,27.39,31.1
35:16.8,31.65,41.79,37.56,28.2,27.4,31.1
35:17.3,31.65,41.79,37.56,28.2,27.4,31.1
35:17.8,31.65,41.79,37.57,28.2,27.41,31.1
35:18.2,31.65,41.79,37.57,28.2,27.41,31.1
35:18.7,31.65,41.79,37.57,28.21,27.41,31.11
35:19.2,31.65,41.79,37.58,28.21,27.42,31.11
35:19.7,31.65,41.79,37.58,28.22,27.42,31.12
35:20.2,31.65,41.78,37.59,28.22,27.43,31.14
35:20.7,31.65,41.77,37.59,28.23,27.43,31.16
35:21.2,31.65,41.76,37.6,28.24,27.43,31.18
35:21.7,31.65,41.74,37.6,28.25,27.43,31.2
35:22.2,31.65,41.73,37.61,28.27,27.43,31.22
35:22.6,31.65,41.71,37.61,28.27,27.44,31.24
35:23.1,31.65,41.7,37.61,28.28,27.44,31.26
35:23.7,31.65,41.68,37.61,28.3,27.44,31.26
35:24.2,31.65,41.67,37.62,28.3,27.45,31.27
35:24.7,31.65,41.66,37.62,28.31,27.45,31.28
35:25.1,31.65,41.64,37.62,28.32,27.45,31.28
35:25.6,31.65,41.63,37.62,28.33,27.46,31.28
35:26.1,31.65,41.61,37.62,28.34,27.46,31.29
35:26.7,31.65,41.6,37.63,28.35,27.46,31.3
35:27.1,31.65,41.59,37.63,28.36,27.46,31.31
35:27.6,31.65,41.58,37.63,28.37,27.47,31.32
35:28.1,31.65,41.57,37.63,28.37,27.47,31.34
35:28.6,31.65,41.56,37.63,28.37,27.47,31.36
35:29.1,31.65,41.55,37.64,28.37,27.47,31.38
35:29.6,31.65,41.53,37.64,28.38,27.47,31.4
35:30.1,31.65,41.52,37.64,28.38,27.47,31.41
35:30.6,31.65,41.5,37.64,28.38,27.47,31.42
35:31.1,31.65,41.48,37.64,28.39,27.47,31.43
35:31.6,31.66,41.46,37.64,28.4,27.47,31.45
35:32.0,31.66,41.44,37.64,28.4,27.47,31.45
35:32.5,31.66,41.42,37.64,28.41,27.47,31.46
35:33.0,31.66,41.4,37.64,28.42,27.48,31.46
35:33.4,31.66,41.39,37.64,28.43,27.48,31.46
35:33.9,31.66,41.37,37.64,28.44,27.48,31.46
35:34.4,31.65,41.36,37.64,28.44,27.48,31.46
35:34.9,31.65,41.35,37.64,28.45,27.48,31.46
35:35.4,31.65,41.34,37.64,28.45,27.48,31.46
35:35.9,31.65,41.33,37.64,28.46,27.48,31.46
35:36.4,31.65,41.32,37.64,28.46,27.49,31.47
35:36.9,31.65,41.3,37.64,28.47,27.49,31.47
35:37.4,31.66,41.29,37.64,28.48,27.49,31.47
35:37.9,31.66,41.28,37.65,28.49,27.5,31.48
35:38.4,31.66,41.27,37.65,28.5,27.5,31.49
35:38.9,31.66,41.26,37.65,28.51,27.5,31.5
35:39.4,31.67,41.26,37.65,28.52,27.51,31.51
35:39.9,31.67,41.25,37.65,28.53,27.51,31.52
35:40.4,31.68,41.25,37.65,28.53,27.53,31.53
35:40.8,31.68,41.25,37.65,28.54,27.54,31.54
35:41.3,31.68,41.25,37.65,28.54,27.55,31.55
35:41.8,31.68,41.25,37.66,28.54,27.56,31.56
35:42.2,31.68,41.25,37.66,28.55,27.56,31.56
35:42.7,31.68,41.25,37.66,28.55,27.57,31.57
35:43.2,31.68,41.25,37.66,28.55,27.58,31.58
35:43.7,31.69,41.24,37.66,28.55,27.59,31.59
35:44.2,31.69,41.24,37.67,28.55,27.59,31.61
35:44.6,31.69,41.23,37.67,28.55,27.6,31.63
35:45.1,31.69,41.21,37.67,28.55,27.6,31.65
35:45.6,31.7,41.19,37.67,28.55,27.61,31.67
35:46.1,31.7,41.18,37.67,28.55,27.61,31.68
35:46.6,31.7,41.16,37.67,28.55,27.61,31.69
35:47.1,31.71,41.14,37.68,28.56,27.62,31.7
35:47.5,31.71,41.13,37.68,28.56,27.62,31.72
35:48.0,31.72,41.12,37.68,28.57,27.63,31.72
35:48.5,31.72,41.1,37.68,28.58,27.63,31.73
35:48.8,31.72,41.08,37.68,28.58,27.64,31.73
35:49.1,31.72,41.07,37.68,28.59,27.64,31.74
35:49.4,31.72,41.06,37.68,28.59,27.64,31.74
35:49.7,31.72,41.05,37.69,28.6,27.65,31.75
35:50.1,31.72,41.05,37.68,28.6,27.65,31.75
35:50.5,31.73,41.04,37.69,28.61,27.65,31.75
35:50.9,31.73,41.04,37.69,28.61,27.65,31.76
35:51.4,31.73,41.04,37.68,28.62,27.66,31.76
35:51.7,31.73,41.04,37.69,28.62,27.66,31.77
35:52.2,31.73,41.03,37.69,28.62,27.67,31.77
35:52.7,31.74,41.03,37.69,28.63,27.68,31.78
35:53.1,31.74,41.02,37.69,28.63,27.68,31.8
35:53.6,31.74,41.02,37.69,28.64,27.69,31.81
35:54.1,31.74,41,37.69,28.64,27.7,31.82
35:54.6,31.74,40.99,37.69,28.64,27.71,31.83
35:55.1,31.74,40.98,37.7,28.65,27.72,31.84
35:55.6,31.74,40.97,37.7,28.65,27.74,31.85
35:56.1,31.74,40.96,37.69,28.66,27.74,31.86
35:56.6,31.74,40.95,37.69,28.66,27.75,31.88
35:57.0,31.74,40.94,37.69,28.67,27.76,31.89
35:57.4,31.74,40.94,37.69,28.68,27.77,31.9
35:57.9,31.74,40.94,37.69,28.68,27.78,31.91
35:58.4,31.74,40.93,37.69,28.69,27.79,31.91
35:58.7,31.74,40.93,37.69,28.7,27.79,31.92
35:59.1,31.74,40.93,37.69,28.71,27.79,31.92
35:59.6,31.74,40.93,37.69,28.73,27.8,31.92
35:59.9,31.74,40.93,37.69,28.74,27.8,31.92
36:00.4,31.74,40.93,37.7,28.75,27.81,31.92
36:00.8,31.74,40.93,37.7,28.75,27.81,31.92
36:01.3,31.74,40.92,37.7,28.77,27.82,31.92
36:01.8,31.74,40.92,37.7,28.78,27.82,31.92
36:02.2,31.75,40.91,37.7,28.79,27.83,31.92
36:02.6,31.75,40.91,37.7,28.8,27.84,31.92
36:03.0,31.75,40.89,37.7,28.8,27.84,31.92
36:03.4,31.75,40.88,37.7,28.81,27.84,31.92
36:03.9,31.76,40.86,37.7,28.81,27.84,31.92
36:04.3,31.76,40.85,37.7,28.81,27.84,31.92
36:04.6,31.76,40.84,37.7,28.81,27.84,31.92
36:05.1,31.76,40.84,37.7,28.81,27.85,31.92
36:05.5,31.76,40.83,37.7,28.81,27.86,31.92
36:05.9,31.76,40.83,37.7,28.81,27.87,31.92
36:06.4,31.77,40.82,37.7,28.81,27.87,31.92
36:06.7,31.77,40.81,37.7,28.81,27.87,31.92
36:07.1,31.77,40.8,37.7,28.81,27.88,31.93
36:07.6,31.77,40.79,37.7,28.81,27.89,31.93
36:08.1,31.77,40.79,37.7,28.81,27.89,31.93
36:08.5,31.77,40.78,37.7,28.81,27.89,31.94
36:09.0,31.78,40.77,37.7,28.82,27.9,31.94
36:09.3,31.78,40.76,37.7,28.82,27.9,31.95
36:09.7,31.78,40.75,37.7,28.82,27.9,31.96
36:10.3,31.78,40.74,37.7,28.83,27.9,31.97
36:10.7,31.78,40.74,37.7,28.83,27.9,31.98
36:11.1,31.78,40.73,37.7,28.84,27.91,31.99
36:11.6,31.78,40.73,37.71,28.85,27.91,31.99
36:12.1,31.79,40.72,37.71,28.85,27.91,32
36:12.5,31.79,40.71,37.71,28.86,27.91,32
36:13.0,31.79,40.71,37.71,28.87,27.91,32.01
36:13.5,31.79,40.7,37.71,28.87,27.91,32.01
36:14.0,31.79,40.7,37.7,28.87,27.92,32.01
36:14.4,31.8,40.69,37.7,28.88,27.92,32.02
36:14.9,31.8,40.68,37.7,28.89,27.92,32.02
36:15.4,31.81,40.67,37.7,28.89,27.92,32.02
36:15.8,31.82,40.66,37.7,28.9,27.93,32.03
36:16.2,31.82,40.65,37.7,28.91,27.93,32.03
36:16.7,31.82,40.64,37.7,28.91,27.93,32.04
36:17.2,31.83,40.63,37.7,28.92,27.94,32.05
36:17.5,31.84,40.61,37.69,28.93,27.95,32.06
36:17.8,31.84,40.6,37.69,28.94,27.95,32.08
36:18.2,31.85,40.59,37.69,28.96,27.96,32.09
36:18.5,31.86,40.57,37.69,28.97,27.95,32.11
36:18.8,31.86,40.56,37.69,28.98,27.97,32.12
36:19.1,31.86,40.55,37.69,28.99,27.98,32.14
36:19.5,31.86,40.54,37.69,28.99,27.98,32.15
36:19.8,31.87,40.53,37.68,28.99,28,32.15
36:20.2,31.86,40.53,37.68,29,28.01,32.16
36:20.5,31.86,40.52,37.68,29,28.01,32.16
36:20.8,31.86,40.52,37.68,29.01,28.02,32.17
36:21.1,31.87,40.52,37.68,29.02,28.02,32.17
36:21.6,31.87,40.51,37.68,29.02,28.02,32.18
36:22.1,31.86,40.51,37.68,29.03,28.03,32.18
36:22.5,31.87,40.51,37.68,29.04,28.03,32.19
36:23.0,31.87,40.51,37.68,29.05,28.03,32.19
36:23.5,31.87,40.51,37.68,29.06,28.03,32.19
36:24.0,31.88,40.51,37.68,29.07,28.04,32.2
36:24.5,31.88,40.51,37.68,29.07,28.05,32.2
36:25.0,31.89,40.51,37.68,29.08,28.05,32.21
36:25.5,31.89,40.51,37.68,29.08,28.06,32.21
36:26.0,31.89,40.5,37.67,29.09,28.06,32.22
36:26.5,31.9,40.5,37.67,29.1,28.07,32.22
36:27.0,31.9,40.49,37.67,29.1,28.08,32.23
36:27.5,31.9,40.48,37.67,29.1,28.09,32.24
36:27.9,31.9,40.48,37.67,29.1,28.09,32.25
36:28.4,31.9,40.47,37.67,29.1,28.1,32.26
36:28.9,31.9,40.46,37.66,29.1,28.1,32.27
36:29.4,31.91,40.45,37.67,29.11,28.11,32.27
36:29.7,31.91,40.44,37.66,29.12,28.11,32.27
36:30.1,31.91,40.43,37.66,29.13,28.12,32.28
36:30.6,31.91,40.43,37.66,29.14,28.13,32.28
36:31.0,31.91,40.42,37.66,29.16,28.13,32.28
36:31.5,31.91,40.42,37.66,29.16,28.15,32.28
36:32.1,31.91,40.41,37.66,29.17,28.16,32.28
36:32.6,31.91,40.4,37.66,29.18,28.16,32.28
36:32.9,31.92,40.4,37.66,29.18,28.17,32.28
36:33.2,31.92,40.38,37.66,29.19,28.18,32.28
36:33.7,31.92,40.37,37.65,29.2,28.18,32.28
36:34.2,31.92,40.36,37.65,29.21,28.18,32.28
36:34.7,31.92,40.34,37.65,29.23,28.18,32.28
36:35.1,31.92,40.33,37.65,29.23,28.18,32.28
36:35.5,31.92,40.32,37.65,29.24,28.17,32.28
36:36.0,31.92,40.31,37.65,29.24,28.17,32.28
36:36.5,31.93,40.29,37.64,29.24,28.18,32.28
36:37.0,31.93,40.27,37.64,29.25,28.18,32.28
36:37.3,31.93,40.26,37.64,29.25,28.19,32.29
36:37.7,31.93,40.25,37.64,29.25,28.19,32.29
36:38.0,31.93,40.23,37.64,29.25,28.19,32.3
36:38.5,31.94,40.22,37.64,29.25,28.2,32.3
36:39.0,31.94,40.22,37.64,29.25,28.21,32.3
36:39.5,31.94,40.21,37.64,29.25,28.22,32.31
36:40.0,31.94,40.21,37.64,29.25,28.23,32.31
36:40.4,31.94,40.2,37.64,29.25,28.23,32.32
36:40.8,31.94,40.2,37.64,29.25,28.24,32.33
36:41.3,31.95,40.19,37.64,29.25,28.26,32.34
36:41.8,31.94,40.19,37.64,29.25,28.26,32.35
36:42.3,31.94,40.18,37.64,29.25,28.26,32.36
36:42.6,31.94,40.17,37.64,29.25,28.26,32.37
36:42.9,31.95,40.17,37.64,29.25,28.26,32.38
36:43.4,31.95,40.16,37.64,29.25,28.27,32.39
36:43.9,31.95,40.15,37.64,29.25,28.27,32.39
36:44.4,31.95,40.14,37.64,29.25,28.27,32.4
36:44.8,31.95,40.12,37.64,29.26,28.27,32.41
36:45.2,31.95,40.11,37.64,29.26,28.27,32.41
36:45.7,31.95,40.1,37.64,29.26,28.27,32.42
36:46.1,31.96,40.09,37.64,29.26,28.27,32.43
36:46.6,31.96,40.07,37.64,29.27,28.27,32.44
36:47.1,31.96,40.06,37.64,29.27,28.27,32.44
36:47.6,31.96,40.05,37.64,29.28,28.27,32.45
36:48.1,31.96,40.04,37.64,29.28,28.28,32.45
36:48.6,31.96,40.03,37.64,29.29,28.28,32.46
36:49.1,31.97,40.02,37.64,29.3,28.28,32.46
36:49.6,31.97,40.01,37.64,29.3,28.29,32.46
36:50.0,31.97,40,37.63,29.31,28.29,32.46
36:50.5,31.97,39.99,37.63,29.32,28.29,32.46
36:51.0,31.98,39.99,37.63,29.32,28.3,32.47
36:51.4,31.98,39.99,37.63,29.33,28.3,32.47
36:51.9,31.98,39.98,37.63,29.33,28.31,32.47
36:52.4,31.98,39.98,37.63,29.34,28.32,32.47
36:52.9,31.98,39.98,37.63,29.34,28.32,32.48
36:53.4,31.99,39.98,37.63,29.34,28.33,32.48
36:53.9,31.99,39.98,37.63,29.35,28.34,32.49
36:54.4,31.99,39.98,37.62,29.35,28.34,32.49
36:54.9,31.99,39.98,37.62,29.35,28.34,32.5
36:55.4,31.99,39.98,37.62,29.36,28.35,32.5
36:55.9,31.99,39.98,37.62,29.37,28.35,32.5
36:56.4,31.99,39.98,37.62,29.38,28.35,32.51
36:56.9,31.99,39.98,37.61,29.39,28.35,32.52
36:57.4,32,39.98,37.61,29.4,28.36,32.52
36:57.8,32,39.98,37.61,29.43,28.37,32.53
36:58.3,32,39.98,37.61,29.44,28.38,32.54
36:58.9,32.01,39.98,37.61,29.45,28.39,32.54
36:59.4,32.01,39.98,37.61,29.47,28.4,32.55
36:59.9,32.01,39.98,37.6,29.49,28.4,32.55
37:00.4,32.01,39.98,37.6,29.49,28.4,32.56
37:00.9,32.01,39.98,37.59,29.5,28.41,32.56
37:01.4,32.01,39.98,37.59,29.51,28.42,32.57
37:02.0,32.01,39.97,37.59,29.51,28.43,32.57
37:02.5,32.01,39.96,37.58,29.52,28.43,32.57
37:03.0,32.01,39.95,37.58,29.52,28.43,32.58
37:03.5,32.01,39.94,37.57,29.52,28.44,32.58
37:04.0,32.01,39.94,37.57,29.53,28.45,32.59
37:04.5,32.01,39.93,37.57,29.54,28.47,32.6
37:05.0,32.01,39.92,37.57,29.54,28.49,32.61
37:05.5,32.01,39.91,37.56,29.55,28.49,32.61
37:06.0,32.01,39.9,37.56,29.55,28.5,32.62
37:06.5,32.01,39.89,37.56,29.56,28.5,32.63
37:07.1,32.01,39.89,37.56,29.57,28.51,32.63
37:07.6,32.01,39.88,37.55,29.58,28.52,32.64
37:08.1,32.01,39.88,37.55,29.59,28.52,32.64
37:08.6,32.01,39.87,37.54,29.59,28.52,32.64
37:09.1,32.01,39.87,37.54,29.6,28.52,32.64
37:09.5,32.01,39.86,37.54,29.6,28.53,32.65
37:10.1,32.01,39.86,37.54,29.6,28.53,32.65
37:10.6,32.01,39.85,37.53,29.6,28.53,32.65
37:11.1,32.01,39.84,37.53,29.6,28.53,32.65
37:11.6,32.01,39.82,37.53,29.6,28.53,32.65
37:12.1,32.01,39.81,37.53,29.6,28.53,32.65
37:12.6,32.01,39.79,37.52,29.6,28.54,32.65
37:13.1,32.01,39.78,37.52,29.6,28.54,32.65
37:13.6,32.01,39.76,37.51,29.6,28.54,32.65
37:14.2,32.01,39.75,37.51,29.6,28.54,32.65
37:14.7,32.01,39.73,37.5,29.61,28.54,32.65
37:15.2,32.01,39.72,37.5,29.61,28.55,32.65
37:15.7,32.01,39.71,37.49,29.61,28.55,32.65
37:16.2,32.01,39.7,37.49,29.62,28.56,32.65
37:16.7,32.01,39.69,37.49,29.62,28.57,32.65
37:17.3,32.01,39.68,37.48,29.62,28.58,32.65
37:17.8,32.01,39.67,37.48,29.63,28.58,32.65
37:18.3,32.01,39.67,37.47,29.64,28.59,32.65
37:18.8,32.01,39.66,37.47,29.65,28.6,32.65
37:19.3,32.01,39.65,37.47,29.66,28.6,32.66
37:19.9,32.01,39.64,37.47,29.67,28.61,32.66
37:20.4,32.01,39.63,37.46,29.67,28.62,32.66
37:20.9,32.01,39.62,37.46,29.68,28.64,32.67
37:21.4,32.01,39.61,37.45,29.69,28.64,32.67
37:21.9,32.01,39.6,37.45,29.7,28.65,32.67
37:22.4,32.01,39.59,37.45,29.7,28.66,32.67
37:23.1,32.01,39.58,37.45,29.71,28.67,32.67
37:23.5,32.01,39.58,37.45,29.72,28.68,32.68
37:24.0,32.01,39.57,37.44,29.73,28.7,32.69
37:24.5,32.01,39.57,37.44,29.75,28.71,32.69
37:25.0,32.01,39.57,37.44,29.75,28.72,32.7
37:25.5,32.01,39.57,37.44,29.76,28.73,32.7
37:26.1,32.01,39.57,37.44,29.76,28.73,32.71
37:26.6,32.01,39.57,37.44,29.77,28.73,32.71
37:27.1,32.01,39.57,37.44,29.77,28.73,32.71
37:27.6,32.02,39.57,37.44,29.78,28.74,32.71
37:28.1,32.02,39.57,37.44,29.78,28.74,32.72
37:28.6,32.02,39.57,37.44,29.78,28.75,32.73
37:29.1,32.02,39.57,37.44,29.78,28.75,32.73
37:29.6,32.02,39.57,37.44,29.79,28.76,32.74
37:30.2,32.02,39.57,37.44,29.8,28.77,32.74
37:30.7,32.02,39.56,37.44,29.81,28.77,32.74
37:31.2,32.02,39.56,37.44,29.82,28.78,32.74
37:31.7,32.02,39.56,37.44,29.83,28.78,32.74
37:32.2,32.02,39.55,37.44,29.83,28.79,32.74
37:32.7,32.02,39.54,37.44,29.84,28.8,32.74
37:33.2,32.02,39.53,37.44,29.84,28.8,32.74
37:33.8,32.02,39.51,37.44,29.85,28.81,32.74
37:34.3,32.02,39.49,37.44,29.85,28.82,32.74
37:34.8,32.03,39.48,37.44,29.86,28.82,32.74
37:35.3,32.03,39.47,37.44,29.86,28.82,32.75
37:35.8,32.03,39.46,37.44,29.87,28.83,32.75
37:36.3,32.03,39.44,37.44,29.87,28.84,32.75
37:36.8,32.03,39.43,37.44,29.87,28.86,32.76
37:37.3,32.03,39.42,37.44,29.87,28.87,32.76
37:37.8,32.03,39.4,37.44,29.87,28.89,32.76
37:38.4,32.03,39.39,37.44,29.87,28.9,32.77
37:38.9,32.03,39.39,37.44,29.87,28.9,32.77
37:39.4,32.03,39.38,37.44,29.87,28.91,32.77
37:39.9,32.04,39.37,37.44,29.87,28.91,32.78
37:40.4,32.04,39.37,37.44,29.87,28.91,32.78
37:41.0,32.04,39.36,37.44,29.87,28.91,32.79
37:41.5,32.05,39.36,37.44,29.87,28.92,32.79
37:42.0,32.05,39.36,37.44,29.87,28.92,32.8
37:42.5,32.05,39.36,37.44,29.87,28.93,32.8
37:43.0,32.06,39.35,37.44,29.87,28.94,32.81
37:43.5,32.05,39.35,37.44,29.87,28.95,32.82
37:44.0,32.05,39.35,37.44,29.87,28.96,32.83
37:44.5,32.05,39.33,37.43,29.87,28.97,32.84
37:45.0,32.05,39.32,37.43,29.87,28.97,32.85
37:45.5,32.06,39.31,37.43,29.87,28.97,32.85
37:46.1,32.05,39.29,37.42,29.87,28.98,32.86
37:46.6,32.06,39.27,37.42,29.87,28.98,32.86
37:47.1,32.06,39.26,37.42,29.87,28.98,32.87
37:47.6,32.06,39.26,37.42,29.87,28.98,32.87
37:48.1,32.07,39.24,37.41,29.88,28.98,32.88
37:48.6,32.07,39.23,37.41,29.88,28.98,32.89
37:49.2,32.08,39.21,37.41,29.89,28.98,32.89
37:49.7,32.08,39.2,37.41,29.9,28.98,32.9
37:50.2,32.08,39.19,37.4,29.91,28.98,32.9
37:50.7,32.09,39.18,37.4,29.92,28.98,32.9
37:51.2,32.09,39.17,37.39,29.93,28.98,32.91
37:51.6,32.09,39.16,37.38,29.94,28.98,32.91
37:52.1,32.09,39.16,37.38,29.95,28.99,32.91
37:52.6,32.09,39.15,37.37,29.96,28.99,32.92
37:53.1,32.1,39.15,37.37,29.96,28.99,32.92
37:53.6,32.1,39.15,37.37,29.97,28.99,32.92
37:54.1,32.1,39.15,37.37,29.99,28.99,32.93
37:54.7,32.1,39.15,37.37,30,29,32.93
37:55.2,32.1,39.15,37.36,30.01,29,32.93
37:55.7,32.11,39.15,37.36,30.02,29,32.93
37:56.2,32.11,39.15,37.36,30.02,29.01,32.93
37:56.7,32.11,39.15,37.35,30.03,29.01,32.93
37:57.2,32.11,39.15,37.35,30.03,29.01,32.93
37:57.7,32.11,39.15,37.35,30.03,29.02,32.93
37:58.2,32.12,39.15,37.35,30.04,29.03,32.93
37:58.7,32.11,39.15,37.35,30.04,29.04,32.93
37:59.2,32.12,39.15,37.34,30.05,29.05,32.93
37:59.7,32.12,39.15,37.34,30.05,29.05,32.93
38:00.3,32.12,39.15,37.34,30.06,29.05,32.93
38:00.8,32.12,39.15,37.34,30.06,29.05,32.93
38:01.3,32.12,39.15,37.34,30.06,29.06,32.93
38:01.8,32.13,39.15,37.33,30.07,29.06,32.93
38:02.3,32.13,39.15,37.33,30.08,29.06,32.93
38:02.8,32.13,39.15,37.33,30.08,29.07,32.93
38:03.3,32.14,39.15,37.33,30.09,29.07,32.93
38:03.8,32.14,39.14,37.32,30.1,29.08,32.93
38:04.3,32.14,39.13,37.32,30.1,29.08,32.93
38:04.9,32.14,39.13,37.32,30.12,29.09,32.93
38:05.4,32.14,39.12,37.32,30.13,29.1,32.93
38:05.9,32.14,39.12,37.32,30.14,29.11,32.93
38:06.4,32.14,39.11,37.32,30.14,29.12,32.93
38:06.9,32.14,39.1,37.31,30.16,29.13,32.93
38:07.4,32.15,39.09,37.31,30.17,29.14,32.93
38:07.9,32.15,39.09,37.31,30.18,29.14,32.93
38:08.4,32.15,39.08,37.3,30.18,29.15,32.93
38:09.0,32.16,39.07,37.3,30.19,29.17,32.93
38:09.5,32.16,39.07,37.29,30.2,29.18,32.93
38:10.0,32.16,39.06,37.28,30.2,29.19,32.93
38:10.5,32.17,39.06,37.27,30.21,29.19,32.93
38:11.0,32.17,39.05,37.27,30.22,29.21,32.93
38:11.5,32.17,39.05,37.27,30.22,29.22,32.94
38:12.1,32.17,39.04,37.26,30.22,29.23,32.94
38:12.6,32.17,39.04,37.26,30.22,29.25,32.94
38:13.1,32.17,39.03,37.26,30.22,29.25,32.94
38:13.6,32.17,39.02,37.25,30.22,29.26,32.95
38:14.1,32.18,39.02,37.24,30.22,29.27,32.95
38:14.6,32.18,39.01,37.23,30.22,29.26,32.95
38:15.1,32.18,39,37.22,30.22,29.27,32.95
38:15.6,32.17,38.99,37.21,30.22,29.28,32.96
38:16.2,32.17,38.98,37.2,30.22,29.28,32.96
38:16.7,32.17,38.98,37.19,30.22,29.29,32.96
38:17.2,32.18,38.97,37.19,30.22,29.3,32.96
38:17.7,32.18,38.95,37.19,30.22,29.3,32.96
38:18.2,32.18,38.95,37.19,30.22,29.3,32.97
38:18.7,32.18,38.94,37.18,30.22,29.31,32.97
38:19.2,32.18,38.92,37.18,30.23,29.32,32.97
38:19.7,32.18,38.91,37.17,30.23,29.32,32.98
38:20.3,32.18,38.9,37.17,30.23,29.33,32.99
38:20.8,32.18,38.89,37.16,30.24,29.33,32.99
38:21.3,32.19,38.88,37.16,30.24,29.33,33
38:21.8,32.19,38.87,37.16,30.25,29.34,33
38:22.3,32.18,38.87,37.15,30.25,29.34,33
38:22.8,32.19,38.86,37.15,30.26,29.34,33.01
38:23.3,32.19,38.85,37.15,30.27,29.34,33.01
38:23.9,32.19,38.85,37.15,30.28,29.34,33.01
38:24.4,32.19,38.85,37.15,30.28,29.35,33.02
38:24.9,32.19,38.85,37.15,30.29,29.35,33.02
38:25.4,32.19,38.84,37.15,30.29,29.35,33.02
38:25.9,32.19,38.84,37.14,30.3,29.35,33.02
38:26.4,32.19,38.84,37.14,30.31,29.35,33.02
38:26.9,32.19,38.84,37.14,30.31,29.35,33.02
38:27.5,32.19,38.84,37.14,30.32,29.35,33.03
38:28.0,32.19,38.84,37.14,30.32,29.36,33.03
38:28.5,32.19,38.84,37.14,30.33,29.37,33.03
38:29.0,32.19,38.84,37.14,30.34,29.38,33.03
38:29.5,32.19,38.84,37.14,30.34,29.39,33.03
38:30.0,32.19,38.84,37.14,30.35,29.4,33.03
38:30.5,32.19,38.84,37.13,30.35,29.4,33.03
38:31.0,32.19,38.83,37.13,30.36,29.41,33.04
38:31.5,32.19,38.83,37.13,30.36,29.41,33.04
38:32.0,32.19,38.83,37.13,30.37,29.42,33.04
38:32.6,32.19,38.82,37.12,30.38,29.42,33.04
38:33.1,32.19,38.81,37.12,30.38,29.43,33.05
38:33.6,32.19,38.81,37.12,30.4,29.44,33.05
38:34.1,32.19,38.8,37.12,30.41,29.44,33.05
38:34.6,32.19,38.79,37.12,30.42,29.45,33.05
38:35.1,32.19,38.78,37.11,30.44,29.47,33.06
38:35.6,32.19,38.78,37.11,30.45,29.48,33.06
38:36.1,32.19,38.77,37.1,30.46,29.48,33.06
38:36.6,32.19,38.77,37.1,30.46,29.5,33.06
38:37.1,32.19,38.76,37.1,30.47,29.5,33.06
38:37.6,32.19,38.76,37.09,30.47,29.5,33.07
38:38.2,32.19,38.75,37.08,30.47,29.5,33.07
38:38.7,32.2,38.75,37.08,30.48,29.5,33.08
38:39.2,32.2,38.74,37.07,30.48,29.51,33.09
38:39.7,32.2,38.73,37.07,30.49,29.52,33.1
38:40.3,32.2,38.73,37.07,30.49,29.53,33.11
38:40.8,32.2,38.72,37.06,30.5,29.53,33.11
38:41.3,32.2,38.71,37.06,30.5,29.54,33.12
38:41.8,32.2,38.7,37.05,30.5,29.54,33.13
38:42.3,32.2,38.69,37.05,30.51,29.55,33.13
38:42.8,32.2,38.68,37.04,30.52,29.56,33.14
38:43.3,32.21,38.67,37.04,30.52,29.56,33.14
38:43.9,32.21,38.65,37.03,30.53,29.56,33.14
38:44.4,32.21,38.64,37.03,30.54,29.56,33.14
38:44.9,32.21,38.62,37.02,30.54,29.57,33.15
38:45.4,32.21,38.61,37.02,30.54,29.57,33.16
38:45.9,32.21,38.6,37.01,30.55,29.58,33.16
38:46.4,32.21,38.58,37,30.55,29.59,33.16
38:46.9,32.21,38.58,37,30.55,29.59,33.16
38:47.4,32.21,38.57,36.99,30.56,29.6,33.17
38:48.0,32.21,38.56,36.98,30.57,29.6,33.17
38:48.5,32.21,38.56,36.97,30.57,29.61,33.18
38:49.0,32.22,38.55,36.97,30.57,29.61,33.18
38:49.6,32.22,38.55,36.96,30.58,29.61,33.19
38:50.1,32.22,38.54,36.96,30.58,29.61,33.19
38:50.6,32.23,38.54,36.96,30.58,29.61,33.19
38:51.1,32.23,38.54,36.96,30.58,29.61,33.19
38:51.6,32.23,38.54,36.95,30.58,29.61,33.19
38:52.1,32.23,38.54,36.95,30.58,29.61,33.19
38:52.6,32.23,38.53,36.95,30.58,29.61,33.2
38:53.1,32.23,38.53,36.94,30.58,29.61,33.2
38:53.7,32.23,38.52,36.94,30.58,29.61,33.2
38:54.2,32.23,38.51,36.94,30.58,29.61,33.2
38:54.7,32.24,38.5,36.94,30.58,29.61,33.2
38:55.2,32.24,38.5,36.93,30.58,29.61,33.2
38:55.7,32.24,38.49,36.93,30.58,29.61,33.21
38:56.2,32.24,38.48,36.93,30.58,29.62,33.21
38:56.7,32.24,38.47,36.93,30.58,29.62,33.21
38:57.3,32.24,38.46,36.93,30.58,29.62,33.21
38:57.8,32.24,38.46,36.93,30.58,29.62,33.21
38:58.3,32.24,38.45,36.93,30.58,29.62,33.21
38:58.8,32.24,38.45,36.93,30.58,29.62,33.21
38:59.3,32.25,38.45,36.93,30.58,29.62,33.22
38:59.8,32.25,38.45,36.93,30.58,29.63,33.22
39:00.3,32.25,38.44,36.93,30.58,29.63,33.22
39:00.9,32.26,38.44,36.93,30.58,29.63,33.22
39:01.4,32.26,38.44,36.93,30.58,29.64,33.22
39:01.9,32.26,38.44,36.93,30.58,29.65,33.22
39:02.4,32.26,38.44,36.93,30.59,29.65,33.22
39:02.9,32.26,38.44,36.93,30.59,29.66,33.22
39:03.4,32.26,38.44,36.93,30.59,29.67,33.22
39:03.9,32.26,38.44,36.93,30.59,29.68,33.22
39:04.4,32.26,38.44,36.93,30.6,29.68,33.22
39:04.9,32.26,38.44,36.93,30.6,29.7,33.23
39:05.4,32.26,38.44,36.93,30.61,29.71,33.23
39:06.0,32.26,38.44,36.93,30.62,29.72,33.23
39:06.5,32.27,38.44,36.93,30.63,29.74,33.23
39:07.0,32.27,38.44,36.93,30.63,29.75,33.24
39:07.5,32.27,38.44,36.93,30.64,29.76,33.24
39:08.0,32.27,38.44,36.93,30.64,29.77,33.25
39:08.5,32.27,38.44,36.93,30.65,29.78,33.24
39:09.0,32.27,38.44,36.93,30.65,29.78,33.25
39:09.5,32.27,38.44,36.93,30.66,29.78,33.25
39:10.0,32.27,38.44,36.93,30.67,29.79,33.25
39:10.6,32.27,38.44,36.93,30.67,29.79,33.25
39:11.1,32.27,38.43,36.93,30.68,29.79,33.25
39:11.6,32.27,38.43,36.93,30.69,29.79,33.25
39:12.1,32.27,38.43,36.93,30.7,29.8,33.25
39:12.6,32.28,38.43,36.93,30.71,29.81,33.26
39:13.1,32.27,38.42,36.93,30.71,29.81,33.26
39:13.6,32.27,38.42,36.93,30.72,29.82,33.26
39:14.2,32.27,38.41,36.93,30.72,29.83,33.26
39:14.7,32.28,38.4,36.93,30.72,29.83,33.27
39:15.2,32.28,38.39,36.93,30.73,29.84,33.27
39:15.7,32.28,38.38,36.93,30.73,29.84,33.27
39:16.2,32.28,38.37,36.93,30.74,29.85,33.27
39:16.7,32.28,38.36,36.93,30.74,29.86,33.28
39:17.2,32.28,38.36,36.93,30.74,29.87,33.28
39:17.7,32.28,38.35,36.93,30.75,29.88,33.28
39:18.2,32.28,38.35,36.93,30.75,29.89,33.28
39:18.7,32.28,38.34,36.93,30.76,29.91,33.29
39:19.2,32.28,38.34,36.93,30.76,29.92,33.29
39:19.8,32.28,38.33,36.93,30.76,29.93,33.29
39:20.3,32.28,38.32,36.93,30.76,29.93,33.29
39:20.8,32.28,38.31,36.93,30.77,29.94,33.29
39:21.3,32.29,38.31,36.93,30.77,29.94,33.29
39:21.8,32.29,38.3,36.93,30.78,29.95,33.29
39:22.3,32.29,38.29,36.93,30.78,29.95,33.29
39:22.9,32.29,38.29,36.93,30.79,29.95,33.29
39:23.4,32.29,38.28,36.93,30.79,29.95,33.29
39:23.9,32.29,38.27,36.93,30.8,29.95,33.29
39:24.4,32.29,38.26,36.93,30.81,29.95,33.29
39:24.9,32.3,38.26,36.92,30.82,29.95,33.29
39:25.5,32.3,38.25,36.92,30.84,29.96,33.3
39:26.0,32.3,38.24,36.92,30.85,29.96,33.3
39:26.5,32.3,38.24,36.91,30.86,29.97,33.3
39:27.0,32.3,38.24,36.91,30.87,29.97,33.3
39:27.5,32.3,38.23,36.91,30.88,29.97,33.3
39:28.0,32.3,38.23,36.91,30.89,29.97,33.3
39:28.5,32.3,38.23,36.91,30.89,29.97,33.3
39:29.0,32.3,38.23,36.91,30.89,29.97,33.3
39:29.5,32.3,38.23,36.91,30.9,29.97,33.3
39:30.1,32.31,38.22,36.9,30.91,29.97,33.3
39:30.6,32.31,38.22,36.9,30.92,29.98,33.3
39:31.1,32.31,38.22,36.9,30.92,29.98,33.3
39:31.6,32.31,38.21,36.89,30.93,29.98,33.3
39:32.1,32.31,38.2,36.89,30.93,29.98,33.3
39:32.6,32.31,38.19,36.88,30.94,29.98,33.3
39:33.1,32.31,38.18,36.88,30.94,29.99,33.3
39:33.7,32.31,38.16,36.87,30.94,30,33.3
39:34.2,32.32,38.15,36.87,30.95,30,33.3
39:34.7,32.32,38.14,36.86,30.95,30.01,33.3
39:35.2,32.32,38.13,36.86,30.95,30.01,33.3
39:35.7,32.32,38.12,36.86,30.96,30.02,33.3
39:36.2,32.33,38.12,36.85,30.97,30.03,33.3
39:36.7,32.33,38.11,36.85,30.98,30.02,33.3
39:37.2,32.33,38.1,36.85,30.98,30.03,33.3
39:37.7,32.33,38.09,36.85,30.99,30.04,33.3
39:38.2,32.33,38.08,36.84,31,30.04,33.3
39:38.7,32.33,38.07,36.84,31,30.04,33.3
39:39.3,32.33,38.07,36.84,31,30.05,33.3
39:39.8,32.33,38.06,36.84,31,30.06,33.3
39:40.3,32.34,38.05,36.83,31.01,30.06,33.3
39:40.8,32.34,38.05,36.83,31.01,30.07,33.3
39:41.3,32.34,38.04,36.83,31.01,30.07,33.3
39:41.8,32.34,38.03,36.83,31.01,30.08,33.3
39:42.3,32.34,38.03,36.83,31.02,30.08,33.3
39:42.9,32.34,38.02,36.83,31.02,30.08,33.3
39:43.4,32.34,38.02,36.83,31.02,30.1,33.3
39:43.9,32.34,38.01,36.83,31.02,30.11,33.3
39:44.4,32.34,38.01,36.83,31.03,30.12,33.3
39:45.0,32.34,38,36.82,31.03,30.13,33.3
39:45.5,32.34,37.99,36.82,31.03,30.15,33.3
39:46.0,32.34,37.98,36.82,31.03,30.15,33.3
39:46.5,32.34,37.98,36.82,31.03,30.15,33.3
39:47.0,32.35,37.97,36.82,31.03,30.16,33.3
39:47.6,32.35,37.97,36.82,31.03,30.16,33.3
39:48.1,32.35,37.96,36.81,31.03,30.16,33.3
39:48.6,32.35,37.96,36.8,31.03,30.17,33.3
39:49.1,32.35,37.95,36.8,31.03,30.18,33.3
39:49.6,32.35,37.95,36.79,31.03,30.18,33.3
39:50.2,32.36,37.94,36.78,31.03,30.2,33.3
39:50.7,32.36,37.94,36.78,31.03,30.21,33.3
39:51.2,32.36,37.93,36.77,31.04,30.22,33.3
39:51.7,32.36,37.93,36.77,31.04,30.22,33.3
39:52.2,32.36,37.93,36.76,31.04,30.22,33.3
39:52.7,32.36,37.93,36.76,31.04,30.23,33.3
39:53.2,32.36,37.93,36.75,31.05,30.23,33.3
39:53.7,32.36,37.93,36.75,31.05,30.24,33.3
39:54.2,32.36,37.93,36.74,31.05,30.25,33.3
39:54.8,32.36,37.93,36.74,31.06,30.26,33.3
39:55.3,32.36,37.93,36.73,31.06,30.26,33.3
39:55.8,32.36,37.93,36.73,31.06,30.27,33.3
39:56.3,32.36,37.93,36.73,31.06,30.27,33.3
39:56.8,32.36,37.93,36.72,31.07,30.28,33.3
39:57.4,32.36,37.93,36.71,31.08,30.28,33.3
39:57.9,32.36,37.93,36.7,31.09,30.28,33.3
39:58.4,32.36,37.93,36.69,31.1,30.28,33.3
39:58.9,32.36,37.93,36.68,31.11,30.28,33.3
39:59.4,32.37,37.93,36.68,31.12,30.28,33.3
39:59.9,32.37,37.93,36.68,31.13,30.29,33.3
40:00.5,32.37,37.93,36.67,31.13,30.3,33.3
40:01.0,32.37,37.93,36.66,31.14,30.31,33.3
40:01.5,32.37,37.92,36.66,31.14,30.31,33.3
40:02.0,32.37,37.92,36.66,31.15,30.32,33.3
40:02.6,32.37,37.91,36.66,31.15,30.32,33.3
40:03.1,32.37,37.9,36.65,31.16,30.33,33.3
40:03.6,32.37,37.9,36.65,31.16,30.33,33.3
40:04.1,32.37,37.89,36.65,31.17,30.33,33.3
40:04.6,32.37,37.88,36.64,31.17,30.33,33.3
40:05.1,32.37,37.87,36.64,31.18,30.33,33.3
40:05.7,32.37,37.86,36.64,31.19,30.33,33.3
40:06.2,32.37,37.85,36.64,31.19,30.34,33.3
40:06.7,32.37,37.85,36.63,31.19,30.34,33.3
40:07.2,32.37,37.84,36.63,31.19,30.34,33.3
40:07.7,32.37,37.83,36.63,31.2,30.34,33.3
40:08.2,32.37,37.82,36.63,31.2,30.34,33.3
40:08.7,32.37,37.81,36.63,31.2,30.34,33.3
40:09.2,32.37,37.8,36.63,31.21,30.34,33.3
40:09.7,32.37,37.78,36.63,31.21,30.34,33.3
40:10.3,32.37,37.78,36.62,31.21,30.34,33.3
40:10.8,32.37,37.77,36.62,31.21,30.34,33.3
40:11.3,32.37,37.76,36.62,31.21,30.34,33.3
40:11.8,32.37,37.76,36.62,31.22,30.34,33.3
40:12.3,32.37,37.75,36.61,31.22,30.34,33.3
40:12.8,32.37,37.75,36.61,31.22,30.34,33.3
40:13.4,32.37,37.75,36.61,31.23,30.34,33.3
40:13.9,32.37,37.74,36.61,31.23,30.34,33.3
40:14.4,32.37,37.74,36.6,31.24,30.34,33.3
40:14.9,32.37,37.74,36.6,31.24,30.34,33.3
40:15.4,32.37,37.73,36.6,31.24,30.34,33.3
40:15.9,32.37,37.73,36.59,31.24,30.34,33.3
40:16.4,32.37,37.73,36.58,31.25,30.35,33.3
40:17.0,32.37,37.73,36.58,31.25,30.35,33.3
40:17.5,32.37,37.73,36.57,31.26,30.35,33.3
40:18.0,32.37,37.73,36.57,31.26,30.36,33.3
40:18.5,32.37,37.72,36.56,31.26,30.36,33.3
40:19.0,32.37,37.72,36.56,31.27,30.37,33.3
40:19.6,32.37,37.72,36.56,31.27,30.37,33.3
40:20.1,32.37,37.71,36.55,31.27,30.37,33.3
40:20.6,32.37,37.71,36.55,31.28,30.38,33.3
40:21.1,32.37,37.7,36.55,31.28,30.38,33.3
40:21.6,32.37,37.7,36.55,31.28,30.38,33.3
40:22.2,32.37,37.69,36.54,31.29,30.39,33.3
40:22.7,32.37,37.68,36.54,31.29,30.4,33.3
40:23.2,32.37,37.68,36.54,31.29,30.41,33.3
40:23.7,32.37,37.66,36.54,31.29,30.41,33.3
40:24.2,32.37,37.65,36.53,31.29,30.43,33.3
40:24.7,32.37,37.64,36.53,31.29,30.44,33.3
40:25.3,32.37,37.62,36.53,31.3,30.45,33.3
40:25.8,32.37,37.61,36.53,31.3,30.45,33.3
40:26.3,32.37,37.6,36.53,31.3,30.45,33.3
40:26.8,32.37,37.59,36.53,31.3,30.46,33.3
40:27.3,32.37,37.59,36.53,31.3,30.47,33.3
40:27.8,32.37,37.58,36.53,31.3,30.47,33.31
40:28.3,32.37,37.57,36.53,31.3,30.47,33.31
40:28.9,32.37,37.56,36.53,31.3,30.48,33.31
40:29.4,32.37,37.55,36.53,31.3,30.49,33.31
40:29.9,32.37,37.54,36.53,31.3,30.49,33.31
40:30.4,32.37,37.54,36.53,31.3,30.5,33.31
40:30.9,32.37,37.53,36.53,31.3,30.5,33.31
40:31.4,32.37,37.53,36.53,31.3,30.5,33.31
40:31.9,32.37,37.53,36.53,31.3,30.51,33.31
40:32.4,32.37,37.53,36.53,31.3,30.51,33.31
40:32.9,32.37,37.53,36.53,31.3,30.51,33.31
40:33.4,32.37,37.53,36.53,31.3,30.51,33.31
40:34.0,32.37,37.53,36.53,31.3,30.52,33.31
40:34.5,32.37,37.53,36.53,31.3,30.52,33.31
40:35.0,32.37,37.53,36.53,31.3,30.52,33.32
40:35.5,32.37,37.53,36.53,31.3,30.53,33.32
40:36.0,32.37,37.53,36.53,31.3,30.54,33.32
40:36.5,32.37,37.53,36.53,31.3,30.54,33.32
40:37.0,32.37,37.53,36.53,31.3,30.55,33.32
40:37.6,32.37,37.53,36.53,31.3,30.56,33.32
40:38.1,32.37,37.53,36.53,31.3,30.56,33.33
40:38.6,32.37,37.53,36.53,31.3,30.56,33.33
40:39.1,32.37,37.53,36.53,31.31,30.57,33.33
40:39.6,32.37,37.53,36.53,31.31,30.59,33.33
40:40.1,32.37,37.53,36.53,31.31,30.59,33.34
40:40.6,32.37,37.53,36.53,31.31,30.61,33.33
40:41.1,32.37,37.53,36.53,31.32,30.62,33.34
40:41.6,32.37,37.53,36.53,31.32,30.62,33.35
40:42.2,32.37,37.53,36.53,31.33,30.63,33.35
40:42.7,32.37,37.53,36.53,31.33,30.64,33.35
40:43.2,32.37,37.53,36.52,31.34,30.64,33.35
40:43.7,32.37,37.53,36.52,31.34,30.65,33.35
40:44.2,32.37,37.53,36.52,31.35,30.66,33.35
40:44.7,32.37,37.53,36.52,31.36,30.66,33.35
40:45.2,32.37,37.53,36.51,31.37,30.67,33.35
40:45.7,32.37,37.53,36.51,31.38,30.67,33.35
40:46.3,32.37,37.53,36.51,31.39,30.68,33.35
40:46.8,32.37,37.53,36.5,31.4,30.69,33.36
40:47.3,32.37,37.52,36.5,31.4,30.7,33.36
40:47.8,32.37,37.52,36.49,31.39,30.71,33.36
40:48.4,32.37,37.52,36.49,31.4,30.71,33.36
40:48.9,32.37,37.52,36.49,31.41,30.71,33.37
40:49.4,32.37,37.51,36.48,31.4,30.72,33.37
40:49.9,32.37,37.51,36.48,31.41,30.72,33.38
40:50.4,32.37,37.5,36.47,31.41,30.72,33.38
40:50.9,32.37,37.5,36.47,31.42,30.72,33.37
40:51.4,32.37,37.49,36.46,31.42,30.72,33.37
40:51.9,32.37,37.48,36.46,31.43,30.73,33.38
40:52.5,32.37,37.47,36.46,31.44,30.74,33.38
40:53.0,32.37,37.47,36.45,31.45,30.74,33.39
40:53.5,32.37,37.46,36.44,31.45,30.74,33.39
40:54.0,32.37,37.45,36.44,31.45,30.75,33.39
40:54.5,32.37,37.44,36.44,31.46,30.75,33.39
40:55.0,32.37,37.44,36.43,31.47,30.76,33.39
40:55.6,32.37,37.44,36.43,31.47,30.76,33.39
40:56.1,32.37,37.44,36.42,31.48,30.77,33.39
40:56.6,32.37,37.44,36.42,31.48,30.77,33.39
40:57.1,32.37,37.43,36.41,31.48,30.77,33.4
40:57.6,32.37,37.43,36.41,31.48,30.78,33.4
40:58.1,32.37,37.43,36.4,31.48,30.78,33.4
40:58.6,32.37,37.43,36.39,31.48,30.78,33.4
40:59.2,32.37,37.43,36.39,31.48,30.78,33.4
40:59.7,32.37,37.42,36.38,31.49,30.78,33.4
41:00.2,32.37,37.42,36.38,31.49,30.78,33.4
41:00.8,32.37,37.42,36.37,31.49,30.79,33.4
41:01.3,32.37,37.42,36.37,31.49,30.79,33.4
41:01.8,32.37,37.41,36.37,31.49,30.79,33.41
41:02.3,32.37,37.41,36.37,31.5,30.79,33.41
41:02.9,32.37,37.4,36.37,31.5,30.79,33.41
41:03.4,32.37,37.39,36.36,31.5,30.79,33.42
41:03.9,32.37,37.39,36.36,31.51,30.8,33.41
41:04.4,32.37,37.38,36.36,31.51,30.8,33.41
41:04.9,32.37,37.38,36.35,31.51,30.8,33.42
41:05.5,32.37,37.37,36.35,31.52,30.8,33.42
41:06.0,32.37,37.36,36.34,31.52,30.8,33.42
41:06.5,32.37,37.36,36.34,31.52,30.81,33.42
41:07.0,32.37,37.35,36.34,31.53,30.8,33.42
41:07.5,32.37,37.34,36.34,31.54,30.81,33.42
41:08.0,32.37,37.33,36.34,31.55,30.81,33.42
41:08.5,32.37,37.32,36.34,31.57,30.81,33.42
41:09.0,32.37,37.32,36.34,31.58,30.81,33.43
41:09.6,32.37,37.31,36.34,31.58,30.81,33.43
41:10.1,32.37,37.3,36.33,31.58,30.82,33.43
41:10.6,32.37,37.29,36.33,31.58,30.82,33.43
41:11.1,32.37,37.28,36.33,31.58,30.82,33.43
41:11.6,32.37,37.28,36.32,31.58,30.83,33.43
41:12.1,32.37,37.27,36.32,31.59,30.83,33.43
41:12.7,32.37,37.26,36.31,31.6,30.84,33.43
41:13.2,32.37,37.26,36.3,31.6,30.85,33.43
41:13.7,32.37,37.25,36.29,31.59,30.86,33.43
41:14.2,32.37,37.25,36.29,31.6,30.86,33.43
41:14.7,32.37,37.25,36.29,31.61,30.87,33.44
41:15.2,32.37,37.25,36.28,31.62,30.88,33.44
41:15.8,32.37,37.24,36.28,31.63,30.89,33.44
41:16.3,32.37,37.24,36.27,31.63,30.9,33.44
41:16.8,32.37,37.23,36.26,31.64,30.9,33.44
41:17.3,32.37,37.23,36.25,31.64,30.91,33.44
41:17.8,32.37,37.23,36.24,31.64,30.91,33.44
41:18.3,32.37,37.23,36.24,31.64,30.92,33.44
41:18.8,32.37,37.23,36.23,31.64,30.92,33.45
41:19.3,32.37,37.23,36.22,31.64,30.93,33.45
41:19.9,32.37,37.23,36.22,31.65,30.94,33.45
41:20.4,32.37,37.23,36.21,31.65,30.94,33.44
41:20.9,32.37,37.23,36.21,31.65,30.95,33.45
41:21.4,32.37,37.23,36.2,31.65,30.96,33.45
41:21.9,32.37,37.23,36.19,31.65,30.96,33.45
41:22.4,32.37,37.23,36.18,31.65,30.97,33.45
41:22.9,32.37,37.23,36.17,31.65,30.97,33.45
41:23.4,32.37,37.23,36.17,31.65,30.97,33.45
41:24.0,32.37,37.23,36.17,31.66,30.97,33.45
41:24.5,32.38,37.23,36.16,31.66,30.97,33.45
41:25.0,32.38,37.23,36.16,31.66,30.97,33.45
41:25.5,32.38,37.23,36.15,31.66,30.97,33.45
41:26.0,32.38,37.23,36.15,31.66,30.97,33.45
41:26.6,32.38,37.22,36.15,31.66,30.97,33.45
41:27.1,32.38,37.22,36.15,31.66,30.97,33.45
41:27.6,32.38,37.22,36.14,31.66,30.97,33.45
41:28.1,32.38,37.21,36.14,31.66,30.98,33.46
41:29.6,32.39,37.21,36.14,31.66,30.98,33.46
41:30.1,32.38,37.2,36.14,31.66,30.99,33.46
41:30.6,32.38,37.2,36.14,31.66,30.99,33.46
41:31.1,32.38,37.19,36.14,31.66,31,33.46
41:31.6,32.38,37.19,36.14,31.66,31.01,33.46
41:32.3,32.39,37.18,36.14,31.66,31.01,33.46
41:32.7,32.39,37.17,36.14,31.66,31.02,33.46
41:33.2,32.39,37.17,36.14,31.66,31.02,33.46
41:33.7,32.39,37.17,36.14,31.67,31.03,33.46
41:34.2,32.38,37.16,36.14,31.67,31.03,33.47
41:34.7,32.38,37.15,36.14,31.67,31.04,33.47
41:35.2,32.38,37.15,36.14,31.67,31.05,33.47
41:35.7,32.39,37.14,36.14,31.67,31.05,33.47
41:36.2,32.39,37.13,36.14,31.68,31.05,33.47
41:36.7,32.39,37.13,36.14,31.68,31.05,33.47
41:37.2,32.39,37.13,36.14,31.68,31.05,33.47
41:37.6,32.39,37.13,36.14,31.69,31.05,33.47
41:38.1,32.39,37.12,36.14,31.69,31.05,33.47
41:38.6,32.39,37.12,36.14,31.69,31.05,33.47
41:39.1,32.39,37.12,36.14,31.7,31.05,33.47
41:39.7,32.39,37.12,36.14,31.7,31.05,33.47
41:40.2,32.39,37.11,36.14,31.71,31.05,33.47
41:40.7,32.39,37.11,36.14,31.71,31.05,33.47
41:41.2,32.39,37.1,36.14,31.71,31.06,33.47
41:41.7,32.39,37.09,36.14,31.72,31.06,33.47
41:42.2,32.39,37.09,36.14,31.72,31.06,33.47
41:42.7,32.39,37.08,36.14,31.72,31.06,33.47
41:43.2,32.39,37.08,36.14,31.72,31.07,33.47
41:43.7,32.39,37.07,36.14,31.72,31.07,33.47
41:44.2,32.39,37.06,36.14,31.73,31.07,33.47
41:44.7,32.39,37.05,36.14,31.73,31.07,33.47
41:45.3,32.39,37.04,36.14,31.74,31.07,33.47
41:45.8,32.39,37.03,36.14,31.74,31.07,33.47
41:46.3,32.39,37.02,36.14,31.73,31.07,33.47
41:46.8,32.39,37.01,36.14,31.74,31.07,33.47
41:47.3,32.39,37.01,36.14,31.75,31.07,33.47
41:47.8,32.39,37,36.14,31.75,31.07,33.47
41:48.3,32.39,37,36.14,31.76,31.07,33.47
41:48.8,32.4,36.99,36.14,31.75,31.07,33.47
41:49.4,32.4,36.98,36.14,31.76,31.07,33.47
41:49.9,32.39,36.97,36.14,31.76,31.07,33.47
41:50.4,32.39,36.97,36.14,31.76,31.07,33.47
41:50.9,32.39,36.96,36.14,31.76,31.07,33.48
41:51.4,32.39,36.95,36.14,31.76,31.07,33.48
41:51.9,32.39,36.95,36.14,31.76,31.07,33.48
41:52.5,32.39,36.94,36.14,31.76,31.07,33.48
41:53.0,32.39,36.94,36.14,31.77,31.08,33.48
41:53.5,32.39,36.94,36.14,31.77,31.08,33.48
41:54.0,32.39,36.93,36.14,31.77,31.08,33.48
41:54.6,32.4,36.93,36.14,31.78,31.08,33.48
41:55.1,32.4,36.93,36.14,31.78,31.08,33.48
41:55.6,32.4,36.93,36.14,31.78,31.08,33.48
41:56.1,32.4,36.93,36.14,31.79,31.08,33.48
41:56.7,32.4,36.93,36.14,31.8,31.09,33.48
41:57.2,32.4,36.92,36.14,31.8,31.09,33.48
41:57.7,32.4,36.92,36.14,31.81,31.1,33.48
41:58.2,32.4,36.92,36.14,31.81,31.1,33.49
41:58.7,32.4,36.91,36.14,31.81,31.1,33.49
41:59.3,32.4,36.91,36.14,31.81,31.11,33.49
41:59.8,32.4,36.91,36.14,31.82,31.11,33.49
42:00.3,32.4,36.9,36.14,31.82,31.11,33.49
42:00.8,32.4,36.9,36.14,31.83,31.12,33.49
42:01.3,32.4,36.89,36.14,31.83,31.13,33.49
42:01.9,32.4,36.89,36.14,31.83,31.14,33.49
42:02.4,32.4,36.88,36.14,31.84,31.14,33.49
42:02.9,32.4,36.87,36.14,31.84,31.15,33.49
42:03.4,32.4,36.86,36.14,31.85,31.16,33.49
42:03.9,32.41,36.85,36.14,31.86,31.17,33.49
42:04.5,32.41,36.85,36.14,31.87,31.17,33.49
42:05.0,32.41,36.84,36.14,31.88,31.17,33.49
42:05.5,32.41,36.83,36.14,31.89,31.18,33.49
42:06.0,32.41,36.82,36.13,31.9,31.19,33.49
42:06.5,32.41,36.82,36.13,31.91,31.2,33.49
42:07.0,32.41,36.81,36.13,31.91,31.2,33.49
42:07.5,32.41,36.8,36.13,31.91,31.21,33.49
42:08.1,32.41,36.79,36.12,31.91,31.21,33.49
42:08.6,32.41,36.78,36.12,31.91,31.22,33.49
42:09.1,32.41,36.78,36.12,31.91,31.22,33.49
42:09.6,32.41,36.77,36.12,31.91,31.22,33.49
42:10.1,32.41,36.76,36.11,31.91,31.22,33.49
42:10.7,32.41,36.76,36.11,31.91,31.23,33.49
42:11.2,32.41,36.75,36.1,31.91,31.23,33.49
42:11.7,32.42,36.75,36.1,31.92,31.23,33.49
42:12.2,32.42,36.74,36.1,31.92,31.24,33.49
42:12.7,32.42,36.74,36.09,31.93,31.24,33.49
42:13.2,32.42,36.74,36.09,31.93,31.24,33.49
42:13.7,32.42,36.73,36.08,31.93,31.25,33.49
42:14.3,32.42,36.73,36.08,31.94,31.26,33.49
42:14.8,32.43,36.73,36.08,31.94,31.26,33.49
42:15.3,32.43,36.73,36.07,31.94,31.26,33.49
42:15.8,32.43,36.73,36.07,31.95,31.27,33.49
42:16.3,32.43,36.73,36.07,31.95,31.26,33.49
42:16.8,32.43,36.73,36.07,31.95,31.26,33.49
42:17.3,32.43,36.73,36.06,31.95,31.27,33.49
42:17.8,32.43,36.73,36.06,31.95,31.27,33.49
42:18.3,32.44,36.73,36.06,31.95,31.27,33.49
42:18.8,32.44,36.73,36.06,31.96,31.27,33.49
42:19.4,32.44,36.73,36.05,31.96,31.28,33.49
42:19.9,32.44,36.73,36.05,31.96,31.27,33.49
42:20.4,32.44,36.73,36.05,31.96,31.28,33.49
42:20.9,32.44,36.73,36.04,31.96,31.29,33.49
42:21.4,32.44,36.73,36.04,31.96,31.29,33.49
42:21.9,32.43,36.73,36.04,31.97,31.3,33.49
42:22.4,32.43,36.73,36.04,31.98,31.3,33.49
42:23.0,32.43,36.73,36.04,31.98,31.3,33.49
42:23.5,32.44,36.73,36.04,31.98,31.3,33.49
42:24.0,32.43,36.73,36.04,31.99,31.3,33.49
42:24.5,32.43,36.73,36.04,31.99,31.31,33.49
42:25.0,32.43,36.73,36.04,31.99,31.31,33.49
42:25.5,32.44,36.73,36.04,31.99,31.31,33.49
42:26.0,32.43,36.73,36.04,31.99,31.32,33.49
42:26.5,32.44,36.73,36.04,32,31.33,33.49
42:27.0,32.44,36.73,36.04,32,31.34,33.49
42:27.5,32.44,36.73,36.04,32.01,31.35,33.49
42:28.0,32.44,36.73,36.04,32.01,31.37,33.49
42:28.5,32.44,36.73,36.03,32.01,31.37,33.49
42:29.0,32.44,36.73,36.03,32.02,31.37,33.49
42:29.5,32.43,36.73,36.03,32.02,31.38,33.49
42:30.0,32.44,36.73,36.03,32.02,31.39,33.49
42:30.5,32.43,36.73,36.03,32.02,31.39,33.49
42:31.0,32.43,36.73,36.02,32.02,31.39,33.49
42:31.6,32.43,36.73,36.02,32.03,31.39,33.49
42:32.1,32.43,36.73,36.02,32.03,31.39,33.49
42:32.6,32.43,36.73,36.01,32.03,31.39,33.49
42:33.1,32.43,36.73,36.01,32.03,31.39,33.49
42:33.7,32.43,36.73,36.01,32.03,31.39,33.49
42:34.2,32.43,36.73,36.01,32.04,31.4,33.49
42:34.7,32.43,36.73,36,32.05,31.4,33.49
42:35.2,32.43,36.72,36,32.06,31.4,33.49
42:35.7,32.43,36.72,35.99,32.06,31.4,33.49
42:36.3,32.44,36.72,35.99,32.06,31.4,33.49
42:36.8,32.44,36.71,35.99,32.07,31.41,33.49
42:37.3,32.45,36.71,35.99,32.08,31.41,33.49
42:37.8,32.45,36.71,35.98,32.08,31.42,33.5
42:38.3,32.45,36.7,35.98,32.09,31.43,33.5
42:38.9,32.45,36.69,35.98,32.09,31.43,33.5
42:39.4,32.45,36.69,35.97,32.09,31.43,33.5
42:39.9,32.45,36.68,35.97,32.09,31.43,33.5
42:40.4,32.45,36.68,35.96,32.09,31.44,33.5
42:40.9,32.45,36.68,35.96,32.1,31.43,33.5
42:41.4,32.45,36.67,35.96,32.1,31.43,33.5
42:41.9,32.44,36.67,35.95,32.1,31.43,33.5
42:42.5,32.44,36.66,35.95,32.1,31.43,33.49
42:43.0,32.44,36.66,35.94,32.1,31.44,33.49
42:43.6,32.44,36.65,35.94,32.1,31.44,33.49
42:44.1,32.44,36.65,35.93,32.1,31.44,33.49
42:44.6,32.44,36.65,35.93,32.1,31.44,33.49
42:45.1,32.44,36.64,35.92,32.1,31.44,33.49
42:45.6,32.44,36.64,35.92,32.1,31.44,33.49
42:46.2,32.44,36.64,35.91,32.1,31.44,33.49
42:46.7,32.44,36.63,35.91,32.11,31.44,33.49
42:47.2,32.44,36.63,35.91,32.11,31.44,33.5
42:47.7,32.44,36.63,35.91,32.11,31.44,33.5
42:48.2,32.44,36.63,35.9,32.11,31.44,33.5
42:48.7,32.45,36.63,35.9,32.11,31.44,33.5
42:49.3,32.45,36.63,35.89,32.11,31.44,33.5
42:49.8,32.45,36.63,35.88,32.11,31.45,33.5
42:50.3,32.45,36.63,35.88,32.11,31.45,33.5
42:50.8,32.45,36.62,35.87,32.11,31.45,33.5
42:51.3,32.45,36.62,35.87,32.11,31.45,33.5
42:51.8,32.45,36.61,35.87,32.11,31.45,33.5
42:52.3,32.45,36.61,35.87,32.11,31.45,33.5
42:52.8,32.45,36.6,35.86,32.11,31.45,33.5
42:53.4,32.45,36.6,35.86,32.11,31.45,33.5
42:53.9,32.45,36.59,35.86,32.11,31.45,33.5
42:54.4,32.45,36.59,35.86,32.11,31.46,33.5
42:54.9,32.45,36.58,35.85,32.11,31.46,33.5
42:55.4,32.45,36.57,35.85,32.11,31.46,33.5
42:55.9,32.45,36.57,35.85,32.11,31.46,33.5
42:56.4,32.45,36.56,35.85,32.11,31.46,33.5
42:57.0,32.45,36.55,35.85,32.11,31.46,33.5
42:57.5,32.45,36.54,35.84,32.11,31.46,33.5
42:58.0,32.45,36.53,35.84,32.11,31.47,33.5
42:58.5,32.46,36.53,35.84,32.11,31.47,33.5
42:59.0,32.46,36.52,35.84,32.11,31.48,33.5
42:59.5,32.45,36.51,35.84,32.11,31.49,33.5
43:00.1,32.46,36.51,35.84,32.11,31.5,33.5
43:00.6,32.46,36.5,35.84,32.11,31.5,33.5
43:01.1,32.46,36.49,35.84,32.11,31.51,33.5
43:01.6,32.46,36.48,35.84,32.11,31.51,33.5
43:02.1,32.46,36.48,35.84,32.11,31.51,33.5
43:02.6,32.46,36.47,35.84,32.11,31.52,33.5
43:03.2,32.45,36.46,35.84,32.11,31.52,33.5
43:03.7,32.45,36.46,35.84,32.11,31.52,33.5
43:04.2,32.46,36.45,35.84,32.11,31.52,33.5
43:04.7,32.45,36.45,35.84,32.11,31.52,33.5
43:05.2,32.45,36.45,35.84,32.11,31.52,33.5
43:05.7,32.45,36.44,35.84,32.11,31.52,33.5
43:06.2,32.45,36.44,35.84,32.11,31.53,33.5
43:06.8,32.45,36.44,35.84,32.12,31.52,33.5
43:07.3,32.46,36.44,35.84,32.12,31.53,33.5
43:07.8,32.46,36.43,35.84,32.12,31.53,33.5
43:08.3,32.46,36.43,35.84,32.12,31.54,33.5
43:08.8,32.46,36.43,35.84,32.12,31.54,33.5
43:09.3,32.46,36.43,35.84,32.12,31.54,33.5
43:09.9,32.46,36.43,35.84,32.12,31.54,33.5
43:10.4,32.46,36.42,35.84,32.12,31.54,33.5
43:10.9,32.46,36.42,35.84,32.12,31.54,33.49
43:11.4,32.46,36.42,35.84,32.13,31.55,33.49
43:11.9,32.46,36.41,35.84,32.13,31.55,33.5
43:12.4,32.46,36.41,35.84,32.13,31.55,33.5
43:12.9,32.46,36.4,35.84,32.13,31.56,33.5
43:13.5,32.46,36.4,35.84,32.14,31.57,33.5
43:14.0,32.46,36.39,35.84,32.14,31.58,33.5
43:14.5,32.46,36.38,35.84,32.14,31.58,33.5
43:15.0,32.46,36.38,35.84,32.14,31.59,33.5
43:15.5,32.46,36.37,35.84,32.14,31.6,33.5
43:16.0,32.46,36.37,35.84,32.14,31.62,33.5
43:16.5,32.46,36.36,35.84,32.14,31.62,33.5
43:17.1,32.46,36.36,35.83,32.14,31.62,33.5
43:17.7,32.46,36.36,35.83,32.15,31.61,33.5
43:18.2,32.46,36.35,35.83,32.15,31.61,33.5
43:18.8,32.46,36.35,35.83,32.15,31.63,33.5
43:19.2,32.46,36.35,35.83,32.15,31.65,33.5
43:19.7,32.46,36.34,35.83,32.15,31.66,33.5
43:20.3,32.46,36.34,35.83,32.16,31.65,33.5
43:20.8,32.46,36.34,35.83,32.15,31.65,33.5
43:21.3,32.46,36.34,35.82,32.16,31.66,33.5
43:21.8,32.46,36.34,35.82,32.16,31.66,33.5
43:22.3,32.46,36.34,35.81,32.16,31.67,33.5
43:22.8,32.46,36.34,35.81,32.17,31.67,33.5
43:23.3,32.46,36.34,35.8,32.18,31.67,33.5
43:23.9,32.46,36.34,35.8,32.18,31.67,33.5
43:24.4,32.46,36.34,35.8,32.18,31.67,33.5
43:24.9,32.46,36.34,35.79,32.18,31.68,33.5
43:25.4,32.46,36.34,35.79,32.19,31.69,33.51
43:25.9,32.46,36.34,35.79,32.19,31.69,33.51
43:26.4,32.46,36.34,35.79,32.19,31.7,33.51
43:26.9,32.46,36.34,35.79,32.19,31.69,33.5
43:27.4,32.46,36.34,35.79,32.19,31.7,33.51
43:28.0,32.46,36.34,35.79,32.19,31.7,33.51
43:28.5,32.46,36.34,35.78,32.19,31.71,33.51
43:29.0,32.46,36.34,35.78,32.19,31.71,33.51
43:29.5,32.46,36.34,35.77,32.19,31.71,33.5
43:30.0,32.46,36.34,35.77,32.19,31.71,33.5
43:30.6,32.46,36.34,35.76,32.2,31.71,33.5
43:31.1,32.46,36.34,35.76,32.19,31.71,33.5
43:31.6,32.46,36.34,35.76,32.19,31.71,33.5
43:32.1,32.46,36.34,35.76,32.2,31.71,33.5
43:32.6,32.46,36.34,35.75,32.2,31.72,33.5
43:33.2,32.46,36.34,35.75,32.2,31.72,33.51
43:33.7,32.46,36.33,35.75,32.2,31.72,33.5
43:34.2,32.46,36.33,35.75,32.21,31.72,33.5
43:34.7,32.46,36.33,35.75,32.21,31.72,33.5
43:35.3,32.46,36.33,35.74,32.21,31.73,33.5
43:35.8,32.46,36.32,35.74,32.21,31.73,33.5
43:36.3,32.46,36.32,35.74,32.21,31.74,33.5
43:36.8,32.46,36.32,35.74,32.21,31.74,33.5
43:37.3,32.46,36.32,35.74,32.21,31.74,33.5
43:37.8,32.46,36.31,35.74,32.22,31.74,33.5
43:38.4,32.46,36.31,35.74,32.22,31.73,33.5
43:38.9,32.46,36.3,35.74,32.22,31.73,33.5
43:39.4,32.46,36.3,35.74,32.22,31.74,33.5
43:39.9,32.46,36.29,35.73,32.22,31.74,33.5
43:40.4,32.46,36.29,35.73,32.23,31.75,33.5
43:40.9,32.46,36.28,35.73,32.23,31.75,33.5
43:41.4,32.46,36.27,35.73,32.23,31.76,33.5
43:41.9,32.46,36.26,35.72,32.23,31.77,33.5
43:42.5,32.46,36.26,35.72,32.23,31.77,33.5
43:43.0,32.46,36.25,35.71,32.23,31.77,33.5
43:43.5,32.46,36.24,35.71,32.23,31.77,33.51
43:44.0,32.46,36.24,35.7,32.24,31.77,33.5
43:44.5,32.46,36.23,35.7,32.24,31.78,33.5
43:45.0,32.46,36.23,35.7,32.25,31.77,33.5
43:45.6,32.46,36.23,35.69,32.25,31.78,33.5
43:46.1,32.46,36.22,35.69,32.25,31.78,33.5
43:46.6,32.46,36.21,35.69,32.26,31.78,33.5
43:47.1,32.46,36.21,35.68,32.26,31.78,33.5
43:47.6,32.46,36.2,35.68,32.26,31.78,33.5
43:48.2,32.46,36.2,35.67,32.26,31.79,33.5
43:48.7,32.46,36.19,35.66,32.26,31.79,33.5
43:49.2,32.46,36.18,35.65,32.26,31.8,33.5
43:49.7,32.46,36.18,35.64,32.27,31.8,33.5
43:50.2,32.46,36.17,35.63,32.26,31.81,33.5
43:51.4,32.46,36.17,35.62,32.26,31.81,33.5
43:51.9,32.46,36.17,35.62,32.26,31.82,33.5
43:52.4,32.46,36.16,35.61,32.27,31.82,33.5
43:53.0,32.46,36.16,35.61,32.27,31.83,33.5
43:53.5,32.46,36.15,35.61,32.28,31.83,33.5
43:54.0,32.46,36.15,35.61,32.3,31.84,33.5
43:54.5,32.46,36.14,35.6,32.3,31.84,33.5
43:55.0,32.46,36.14,35.6,32.3,31.84,33.5
43:55.5,32.46,36.14,35.6,32.31,31.84,33.5
43:56.0,32.46,36.13,35.59,32.32,31.84,33.5
43:56.5,32.46,36.13,35.58,32.32,31.85,33.5
43:57.1,32.46,36.12,35.58,32.32,31.85,33.5
43:57.6,32.46,36.12,35.57,32.32,31.86,33.5
43:58.1,32.46,36.12,35.57,32.31,31.86,33.5
43:58.6,32.46,36.11,35.56,32.32,31.86,33.5
43:59.1,32.46,36.11,35.56,32.32,31.86,33.5
43:59.6,32.46,36.11,35.56,32.33,31.86,33.5
44:00.2,32.46,36.1,35.55,32.33,31.87,33.5
44:00.7,32.46,36.1,35.55,32.33,31.87,33.5
44:01.2,32.46,36.1,35.55,32.34,31.87,33.5
44:01.8,32.46,36.08,35.55,32.35,31.87,33.5
44:02.3,32.46,36.07,35.55,32.35,31.88,33.5
44:02.8,32.46,36.06,35.55,32.36,31.88,33.5
44:03.3,32.46,36.04,35.55,32.36,31.88,33.5
44:03.8,32.46,36.03,35.55,32.36,31.88,33.5
44:04.4,32.46,36.03,35.55,32.36,31.89,33.5
44:04.9,32.46,36.02,35.54,32.37,31.89,33.5
44:05.4,32.46,36.02,35.54,32.37,31.89,33.5
44:05.9,32.46,36.01,35.54,32.37,31.89,33.5
44:06.5,32.46,36,35.54,32.38,31.89,33.5
44:07.0,32.46,35.99,35.54,32.38,31.89,33.5
44:07.5,32.46,35.98,35.54,32.38,31.89,33.5
44:08.0,32.46,35.97,35.54,32.38,31.89,33.5
44:08.5,32.46,35.96,35.54,32.38,31.89,33.5
44:09.1,32.46,35.96,35.54,32.38,31.89,33.5
44:09.6,32.46,35.96,35.54,32.38,31.89,33.5
44:10.1,32.46,35.95,35.54,32.38,31.9,33.5
44:10.6,32.46,35.95,35.54,32.39,31.9,33.5
44:11.1,32.46,35.95,35.54,32.38,31.9,33.5
44:11.6,32.46,35.95,35.54,32.39,31.9,33.5
44:12.1,32.46,35.95,35.53,32.39,31.9,33.49
44:12.7,32.46,35.95,35.53,32.39,31.9,33.5
44:13.2,32.46,35.94,35.53,32.39,31.9,33.5
44:13.7,32.46,35.94,35.53,32.39,31.9,33.5
44:14.2,32.46,35.94,35.53,32.39,31.9,33.5
44:14.7,32.46,35.94,35.52,32.4,31.9,33.5
44:15.2,32.46,35.94,35.52,32.4,31.9,33.5
44:15.7,32.46,35.94,35.52,32.4,31.9,33.5
44:16.3,32.46,35.94,35.52,32.4,31.9,33.5
44:16.8,32.46,35.94,35.52,32.4,31.9,33.5
44:17.3,32.46,35.94,35.51,32.4,31.9,33.5
44:17.8,32.46,35.94,35.51,32.4,31.9,33.5
44:18.4,32.46,35.94,35.51,32.4,31.9,33.49
44:18.9,32.46,35.94,35.5,32.41,31.9,33.49
44:19.4,32.46,35.94,35.5,32.41,31.9,33.5
44:19.9,32.46,35.94,35.5,32.41,31.9,33.5
44:20.4,32.46,35.94,35.49,32.41,31.9,33.5
44:21.0,32.46,35.94,35.49,32.41,31.9,33.5
44:21.5,32.46,35.94,35.49,32.41,31.9,33.5
44:22.0,32.46,35.94,35.48,32.41,31.9,33.5
44:22.5,32.46,35.94,35.48,32.42,31.9,33.5
44:23.0,32.46,35.94,35.47,32.43,31.9,33.5
44:23.6,32.46,35.94,35.47,32.43,31.9,33.5
44:24.1,32.46,35.94,35.47,32.43,31.9,33.49
44:24.6,32.46,35.94,35.47,32.43,31.9,33.5
44:25.1,32.46,35.94,35.47,32.43,31.9,33.49
44:25.6,32.46,35.94,35.46,32.43,31.9,33.49
44:26.1,32.46,35.94,35.46,32.43,31.9,33.49
44:26.6,32.46,35.94,35.46,32.43,31.9,33.49
44:27.3,32.46,35.94,35.46,32.43,31.9,33.49
44:27.8,32.46,35.94,35.45,32.43,31.9,33.49
44:28.3,32.46,35.94,35.45,32.43,31.9,33.49
44:28.8,32.46,35.94,35.45,32.44,31.9,33.49
44:29.3,32.46,35.94,35.45,32.44,31.9,33.49
44:29.8,32.46,35.94,35.45,32.44,31.91,33.49
44:30.3,32.46,35.94,35.45,32.44,31.91,33.49
44:30.9,32.46,35.94,35.45,32.45,31.91,33.49
44:31.4,32.46,35.94,35.45,32.45,31.91,33.49
44:31.9,32.46,35.94,35.45,32.46,31.91,33.49
44:32.4,32.46,35.94,35.45,32.46,31.91,33.49
44:32.9,32.46,35.94,35.45,32.46,31.91,33.49
44:33.4,32.46,35.94,35.45,32.46,31.91,33.5
44:33.9,32.46,35.94,35.45,32.46,31.91,33.49
44:34.4,32.46,35.94,35.45,32.47,31.91,33.49
44:35.0,32.46,35.94,35.45,32.47,31.91,33.49
44:35.5,32.46,35.94,35.45,32.47,31.92,33.49
44:36.0,32.46,35.94,35.45,32.47,31.92,33.49
44:36.5,32.46,35.94,35.45,32.47,31.92,33.49
44:37.0,32.46,35.94,35.45,32.46,31.92,33.49
44:37.6,32.46,35.94,35.45,32.47,31.93,33.49
44:38.1,32.46,35.94,35.45,32.47,31.92,33.49
44:38.6,32.46,35.94,35.45,32.47,31.92,33.49
44:39.1,32.46,35.94,35.45,32.47,31.93,33.49
44:39.6,32.46,35.94,35.45,32.47,31.93,33.49
44:40.2,32.46,35.94,35.45,32.47,31.93,33.49
44:40.7,32.46,35.94,35.45,32.47,31.93,33.49
44:41.2,32.46,35.93,35.45,32.48,31.93,33.49
44:41.7,32.46,35.93,35.45,32.48,31.93,33.49
44:42.2,32.46,35.93,35.45,32.48,31.94,33.49
44:42.7,32.46,35.93,35.45,32.48,31.94,33.49
44:43.3,32.46,35.93,35.45,32.48,31.94,33.49
44:43.8,32.46,35.93,35.45,32.48,31.94,33.49
44:44.3,32.46,35.92,35.45,32.48,31.95,33.5
44:44.8,32.46,35.92,35.45,32.48,31.95,33.5
44:45.3,32.46,35.91,35.45,32.48,31.95,33.5
44:45.9,32.46,35.91,35.45,32.48,31.96,33.5
44:46.4,32.46,35.91,35.45,32.48,31.96,33.5
44:46.9,32.46,35.9,35.45,32.48,31.97,33.5
44:47.4,32.46,35.9,35.45,32.48,31.97,33.5
44:48.0,32.46,35.89,35.45,32.48,31.97,33.49
44:48.5,32.46,35.89,35.45,32.48,31.97,33.5
44:49.0,32.46,35.88,35.45,32.48,31.97,33.49
44:49.5,32.46,35.88,35.45,32.48,31.98,33.49
44:50.1,32.46,35.87,35.45,32.48,31.98,33.49
44:50.6,32.46,35.87,35.45,32.48,31.98,33.49
44:51.1,32.46,35.86,35.45,32.48,31.98,33.49
44:51.6,32.46,35.86,35.45,32.48,31.98,33.49
44:52.1,32.46,35.86,35.45,32.48,31.99,33.49
44:52.6,32.46,35.86,35.45,32.48,31.99,33.49
44:53.2,32.46,35.86,35.45,32.48,31.99,33.49
44:53.7,32.46,35.86,35.45,32.48,31.99,33.49
44:54.2,32.46,35.86,35.45,32.48,31.99,33.49
44:54.7,32.46,35.86,35.45,32.48,31.99,33.49
44:55.2,32.46,35.85,35.45,32.48,31.99,33.49
44:55.8,32.46,35.85,35.45,32.48,31.99,33.49
44:56.3,32.46,35.85,35.45,32.48,31.99,33.49
44:56.8,32.46,35.85,35.45,32.48,32,33.49
44:57.3,32.46,35.85,35.45,32.48,32,33.49
44:57.8,32.46,35.85,35.45,32.48,32,33.49
44:58.3,32.46,35.84,35.45,32.48,32.01,33.49
44:58.9,32.46,35.84,35.45,32.48,32.01,33.49
44:59.4,32.46,35.84,35.45,32.48,32,33.49
44:59.9,32.46,35.84,35.45,32.48,32,33.49
45:00.5,32.46,35.84,35.45,32.48,32,33.49
45:01.0,32.46,35.83,35.45,32.48,32,33.49
45:01.5,32.46,35.84,35.45,32.49,32,33.49
45:02.2,32.46,35.83,35.45,32.49,32,33.49
45:02.7,32.46,35.83,35.44,32.49,31.99,33.49
45:03.2,32.46,35.83,35.44,32.49,31.99,33.49
45:03.7,32.46,35.83,35.44,32.49,32,33.49
45:04.2,32.46,35.83,35.44,32.49,32,33.49
45:04.7,32.46,35.82,35.43,32.49,32.01,33.49
45:05.3,32.46,35.81,35.43,32.5,32.01,33.49
45:05.7,32.46,35.81,35.43,32.5,32.01,33.49
45:06.3,32.46,35.8,35.43,32.5,32.02,33.49
45:06.8,32.46,35.8,35.42,32.5,32.02,33.49
45:07.3,32.46,35.79,35.42,32.49,32.02,33.49
45:07.8,32.46,35.78,35.41,32.5,32.02,33.49
45:08.3,32.46,35.78,35.41,32.5,32.03,33.49
45:08.9,32.46,35.77,35.41,32.5,32.03,33.49
45:09.4,32.46,35.77,35.41,32.5,32.04,33.49
45:09.9,32.46,35.76,35.4,32.5,32.04,33.49
45:10.4,32.46,35.76,35.4,32.5,32.04,33.49
45:11.0,32.46,35.76,35.4,32.5,32.05,33.49
45:11.5,32.46,35.76,35.4,32.5,32.06,33.49
45:12.0,32.46,35.75,35.39,32.51,32.06,33.49
45:12.5,32.46,35.75,35.38,32.5,32.07,33.49
45:13.0,32.46,35.74,35.38,32.51,32.07,33.49
45:13.6,32.46,35.73,35.38,32.5,32.08,33.49
45:14.1,32.46,35.73,35.37,32.5,32.09,33.49
45:14.6,32.46,35.72,35.37,32.5,32.09,33.49
45:15.1,32.46,35.71,35.36,32.5,32.09,33.49
45:15.6,32.46,35.71,35.36,32.51,32.08,33.49
45:16.2,32.46,35.71,35.36,32.51,32.09,33.49
45:16.7,32.46,35.71,35.35,32.51,32.09,33.49
45:17.2,32.46,35.7,35.35,32.52,32.1,33.49
45:17.7,32.46,35.69,35.35,32.51,32.11,33.49
45:18.3,32.46,35.69,35.35,32.51,32.12,33.49
45:18.8,32.46,35.68,35.35,32.51,32.11,33.49
45:19.3,32.46,35.68,35.35,32.52,32.12,33.49
45:19.8,32.46,35.68,35.34,32.52,32.13,33.49
45:20.3,32.46,35.67,35.34,32.52,32.14,33.49
45:20.8,32.46,35.67,35.34,32.52,32.13,33.49
45:21.3,32.46,35.66,35.34,32.53,32.14,33.49
45:21.9,32.46,35.66,35.33,32.53,32.14,33.49
45:22.4,32.46,35.66,35.33,32.53,32.14,33.49
45:22.9,32.46,35.66,35.33,32.53,32.14,33.49
45:23.4,32.46,35.66,35.33,32.53,32.14,33.49
45:23.9,32.46,35.65,35.33,32.54,32.14,33.49
45:24.4,32.46,35.66,35.32,32.54,32.14,33.49
45:25.0,32.46,35.66,35.32,32.54,32.14,33.49
45:25.5,32.46,35.65,35.32,32.55,32.14,33.49
45:26.0,32.46,35.65,35.32,32.55,32.15,33.49
45:26.5,32.46,35.65,35.32,32.56,32.15,33.49
45:27.0,32.46,35.65,35.31,32.56,32.16,33.49
45:27.6,32.46,35.65,35.31,32.56,32.16,33.49
45:28.1,32.46,35.65,35.31,32.56,32.16,33.49
45:28.6,32.46,35.65,35.3,32.56,32.17,33.49
45:29.2,32.46,35.65,35.3,32.57,32.17,33.49
45:29.7,32.46,35.65,35.3,32.57,32.16,33.49
45:30.2,32.46,35.65,35.3,32.58,32.16,33.49
45:30.7,32.46,35.65,35.29,32.58,32.16,33.49
45:31.2,32.46,35.65,35.29,32.58,32.17,33.49
45:31.8,32.46,35.65,35.29,32.59,32.17,33.49
45:32.3,32.46,35.65,35.29,32.6,32.17,33.49
45:32.8,32.46,35.65,35.28,32.59,32.18,33.49
45:33.4,32.46,35.65,35.28,32.59,32.18,33.49
45:33.9,32.46,35.65,35.28,32.59,32.18,33.49
45:34.4,32.46,35.65,35.28,32.59,32.19,33.49
45:34.9,32.46,35.65,35.27,32.59,32.19,33.49
45:35.4,32.46,35.65,35.27,32.59,32.19,33.49
45:36.0,32.46,35.65,35.27,32.6,32.19,33.49
45:36.6,32.46,35.65,35.27,32.6,32.19,33.49
45:37.1,32.46,35.65,35.27,32.6,32.19,33.49
45:37.6,32.46,35.65,35.27,32.6,32.2,33.49
45:38.1,32.46,35.65,35.26,32.6,32.2,33.49
45:38.6,32.46,35.65,35.26,32.6,32.2,33.49
45:39.2,32.46,35.65,35.26,32.6,32.2,33.49
45:39.7,32.46,35.65,35.26,32.6,32.21,33.49
45:40.2,32.46,35.65,35.26,32.6,32.21,33.49
45:40.7,32.46,35.65,35.25,32.6,32.21,33.49
45:41.2,32.46,35.65,35.25,32.6,32.21,33.49
45:41.8,32.46,35.65,35.25,32.6,32.22,33.49
45:42.3,32.46,35.64,35.25,32.6,32.22,33.49
45:42.8,32.46,35.64,35.25,32.6,32.22,33.49
45:43.3,32.46,35.63,35.25,32.61,32.22,33.49
45:43.9,32.46,35.63,35.25,32.62,32.22,33.49
45:44.4,32.46,35.63,35.25,32.63,32.22,33.49
45:44.9,32.46,35.63,35.25,32.63,32.22,33.49
45:45.4,32.46,35.63,35.25,32.64,32.23,33.49
45:46.0,32.46,35.63,35.25,32.64,32.23,33.49
45:46.5,32.46,35.62,35.25,32.64,32.23,33.49
45:47.0,32.46,35.62,35.25,32.64,32.23,33.49
45:47.5,32.46,35.61,35.25,32.64,32.24,33.49
45:48.0,32.46,35.6,35.25,32.64,32.24,33.49
45:48.6,32.46,35.6,35.25,32.64,32.24,33.49
45:49.1,32.46,35.59,35.25,32.65,32.25,33.49
45:49.6,32.46,35.59,35.25,32.65,32.25,33.49
45:50.1,32.46,35.58,35.24,32.65,32.25,33.49
45:50.7,32.46,35.58,35.24,32.65,32.25,33.49
45:51.2,32.46,35.57,35.24,32.64,32.25,33.49
45:51.7,32.46,35.57,35.23,32.64,32.25,33.49
45:52.3,32.46,35.57,35.23,32.65,32.25,33.49
45:52.8,32.46,35.56,35.23,32.65,32.25,33.49
45:53.3,32.46,35.56,35.23,32.65,32.25,33.49
45:53.8,32.46,35.56,35.23,32.65,32.26,33.49
45:54.3,32.46,35.56,35.22,32.65,32.26,33.49
45:54.9,32.46,35.56,35.22,32.65,32.26,33.49
45:55.4,32.46,35.55,35.22,32.65,32.26,33.49
45:56.0,32.46,35.55,35.22,32.65,32.26,33.49
45:56.5,32.46,35.55,35.21,32.65,32.26,33.49
45:57.0,32.46,35.55,35.21,32.65,32.26,33.49
45:57.5,32.46,35.55,35.21,32.65,32.26,33.49
45:58.0,32.46,35.55,35.2,32.65,32.26,33.49
45:58.6,32.46,35.55,35.2,32.66,32.26,33.49
45:59.1,32.46,35.55,35.2,32.66,32.26,33.49
45:59.6,32.46,35.55,35.19,32.66,32.26,33.49
46:00.1,32.46,35.54,35.19,32.67,32.26,33.49
46:00.7,32.46,35.54,35.19,32.66,32.27,33.49
46:01.2,32.46,35.54,35.19,32.67,32.27,33.49
46:01.7,32.46,35.53,35.18,32.67,32.27,33.49
46:02.3,32.46,35.53,35.18,32.67,32.27,33.49
46:02.8,32.46,35.52,35.18,32.67,32.27,33.49
46:03.3,32.46,35.52,35.18,32.67,32.27,33.49
46:03.9,32.46,35.51,35.18,32.67,32.27,33.49
46:04.4,32.46,35.5,35.17,32.67,32.27,33.49
46:04.9,32.46,35.49,35.16,32.66,32.27,33.49
46:05.5,32.46,35.49,35.16,32.66,32.27,33.49
46:06.0,32.46,35.48,35.15,32.66,32.27,33.49
46:06.5,32.46,35.48,35.14,32.66,32.27,33.49
46:07.1,32.46,35.48,35.13,32.66,32.27,33.49
46:07.6,32.46,35.48,35.13,32.66,32.27,33.49
46:08.1,32.46,35.47,35.12,32.66,32.27,33.49
46:08.7,32.46,35.47,35.12,32.67,32.27,33.49
46:09.2,32.46,35.46,35.12,32.67,32.27,33.49
46:09.7,32.46,35.46,35.12,32.67,32.27,33.49
46:10.3,32.46,35.45,35.11,32.68,32.27,33.49
46:10.8,32.46,35.44,35.11,32.68,32.27,33.49
46:11.3,32.46,35.43,35.11,32.69,32.27,33.49
46:11.9,32.46,35.42,35.11,32.69,32.27,33.49
46:12.4,32.46,35.42,35.1,32.69,32.27,33.49
46:12.9,32.46,35.41,35.1,32.69,32.27,33.49
46:13.5,32.46,35.41,35.09,32.69,32.27,33.49
46:14.0,32.46,35.4,35.09,32.69,32.27,33.49
46:14.5,32.46,35.4,35.08,32.68,32.27,33.49
46:15.1,32.46,35.4,35.08,32.68,32.27,33.49
46:15.6,32.46,35.39,35.07,32.68,32.27,33.49
46:16.1,32.46,35.39,35.07,32.68,32.28,33.49
46:16.6,32.46,35.38,35.07,32.68,32.28,33.48
46:17.2,32.46,35.38,35.07,32.68,32.28,33.48
46:17.7,32.46,35.38,35.07,32.69,32.28,33.48
46:18.2,32.46,35.38,35.07,32.69,32.28,33.48
46:18.7,32.46,35.38,35.07,32.69,32.28,33.48
46:19.2,32.46,35.37,35.07,32.69,32.28,33.48
46:19.7,32.46,35.37,35.07,32.7,32.28,33.48
46:20.3,32.46,35.37,35.07,32.7,32.28,33.48
46:20.8,32.46,35.37,35.06,32.7,32.28,33.48
46:21.3,32.46,35.37,35.06,32.71,32.28,33.48
46:21.8,32.46,35.37,35.06,32.71,32.28,33.48
46:22.3,32.46,35.36,35.06,32.71,32.28,33.48
46:22.9,32.46,35.36,35.06,32.71,32.28,33.49
46:23.4,32.46,35.36,35.06,32.71,32.29,33.49
46:23.9,32.46,35.36,35.05,32.71,32.29,33.49
46:24.4,32.46,35.36,35.05,32.71,32.29,33.48
46:25.0,32.46,35.36,35.05,32.72,32.29,33.49
46:25.5,32.46,35.36,35.05,32.72,32.28,33.48
46:26.0,32.46,35.36,35.05,32.72,32.29,33.48
46:26.6,32.46,35.36,35.05,32.72,32.29,33.48
46:27.1,32.46,35.35,35.05,32.72,32.28,33.48
46:27.6,32.46,35.35,35.05,32.72,32.29,33.48
46:28.2,32.46,35.35,35.05,32.72,32.29,33.48
46:28.7,32.46,35.35,35.04,32.72,32.3,33.47
46:29.2,32.46,35.34,35.04,32.72,32.3,33.47
46:29.7,32.46,35.34,35.04,32.72,32.3,33.47
46:30.2,32.46,35.34,35.03,32.72,32.3,33.47
46:30.8,32.46,35.34,35.03,32.72,32.3,33.47
46:31.3,32.46,35.34,35.03,32.72,32.3,33.47
46:31.8,32.46,35.33,35.03,32.72,32.3,33.47
46:32.3,32.46,35.33,35.03,32.72,32.3,33.47
46:32.9,32.46,35.33,35.02,32.72,32.3,33.48
46:33.4,32.46,35.32,35.02,32.73,32.31,33.48
46:33.9,32.46,35.32,35.02,32.73,32.31,33.48
46:34.4,32.46,35.32,35.02,32.73,32.31,33.48
46:34.9,32.46,35.32,35.01,32.73,32.31,33.48
46:35.4,32.46,35.32,35.01,32.73,32.31,33.47
46:36.0,32.46,35.32,35.01,32.73,32.31,33.47
46:36.5,32.46,35.31,35,32.73,32.32,33.47
46:37.0,32.46,35.31,35,32.73,32.32,33.47
46:37.6,32.46,35.3,35,32.74,32.32,33.47
46:38.1,32.46,35.3,34.99,32.74,32.32,33.47
46:38.6,32.46,35.29,34.99,32.74,32.32,33.47
46:39.1,32.46,35.28,34.99,32.74,32.33,33.47
46:39.7,32.46,35.28,34.99,32.74,32.33,33.47
46:40.2,32.46,35.28,34.99,32.74,32.33,33.47
46:40.7,32.46,35.28,34.99,32.75,32.34,33.47
46:41.2,32.46,35.27,34.99,32.75,32.34,33.48
46:41.7,32.46,35.27,34.98,32.75,32.35,33.48
46:42.3,32.46,35.27,34.98,32.75,32.35,33.47
46:42.8,32.46,35.27,34.98,32.75,32.35,33.47
46:43.3,32.46,35.27,34.98,32.75,32.35,33.47
46:43.8,32.46,35.27,34.98,32.75,32.35,33.47
46:44.3,32.46,35.27,34.97,32.75,32.36,33.47
46:44.9,32.46,35.27,34.97,32.75,32.36,33.47
46:45.4,32.46,35.27,34.97,32.75,32.36,33.47
46:45.9,32.46,35.27,34.97,32.75,32.36,33.47
46:46.6,32.46,35.26,34.96,32.75,32.36,33.47
46:47.1,32.46,35.26,34.96,32.75,32.36,33.47
46:47.6,32.46,35.26,34.96,32.74,32.36,33.47
46:48.1,32.46,35.26,34.96,32.75,32.36,33.47
46:48.6,32.46,35.26,34.96,32.75,32.37,33.47
46:49.2,32.46,35.26,34.96,32.75,32.37,33.47
46:49.7,32.46,35.26,34.96,32.76,32.37,33.47
46:50.2,32.46,35.26,34.96,32.76,32.37,33.47
46:50.8,32.46,35.26,34.96,32.76,32.37,33.47
46:51.3,32.46,35.26,34.96,32.76,32.38,33.47
46:51.8,32.46,35.26,34.96,32.76,32.38,33.47
46:52.3,32.46,35.26,34.96,32.77,32.39,33.47
46:52.9,32.46,35.26,34.96,32.77,32.39,33.47
46:53.4,32.46,35.26,34.96,32.77,32.39,33.47
46:53.9,32.46,35.26,34.96,32.77,32.39,33.47
46:54.5,32.46,35.26,34.96,32.77,32.39,33.47
46:55.0,32.46,35.26,34.96,32.77,32.4,33.47
46:55.5,32.46,35.26,34.96,32.77,32.39,33.47
46:56.0,32.46,35.26,34.96,32.78,32.39,33.47
46:56.5,32.46,35.26,34.96,32.77,32.4,33.47
46:57.1,32.46,35.26,34.96,32.77,32.4,33.47
46:57.6,32.46,35.26,34.96,32.77,32.4,33.47
46:58.1,32.46,35.26,34.96,32.77,32.41,33.47
46:58.7,32.46,35.26,34.96,32.77,32.41,33.47
46:59.2,32.46,35.26,34.96,32.78,32.41,33.47
46:59.7,32.46,35.26,34.96,32.78,32.42,33.47
47:00.2,32.46,35.26,34.96,32.78,32.42,33.47
47:00.8,32.46,35.26,34.96,32.78,32.42,33.47
47:01.3,32.46,35.26,34.96,32.79,32.41,33.47
47:01.9,32.46,35.26,34.96,32.79,32.41,33.46
47:02.4,32.46,35.26,34.96,32.8,32.41,33.46
47:03.0,32.46,35.26,34.96,32.81,32.4,33.46
47:03.4,32.46,35.26,34.96,32.81,32.4,33.46
47:04.0,32.46,35.26,34.96,32.8,32.41,33.46
47:04.5,32.46,35.26,34.96,32.8,32.42,33.46
